ticket_id,customer_id,created_date,resolved_date,issue_type,csat_score
1,2,2026-01-11,2026-01-16,Technical,5
2,2,2025-03-05,2025-03-09,Cancellation,4
3,2,2024-06-11,2024-06-11,Billing,3
4,4,2025-12-25,2025-12-31,Billing,4
5,7,2025-06-24,2025-06-29,Feature Request,2
6,8,2024-11-18,2024-11-21,Technical,3
7,8,2025-09-13,2025-09-17,Technical,5
8,8,2025-05-17,2025-05-20,Technical,4
9,9,2025-03-07,2025-03-13,Technical,3
10,10,2025-11-07,2025-11-10,Feature Request,4
11,10,2024-08-04,2024-08-04,Cancellation,1
12,10,2024-05-16,2024-05-22,Cancellation,2
13,11,2025-05-12,2025-05-17,Cancellation,5
14,12,2024-10-16,2024-10-16,Billing,4
15,13,2024-05-25,2024-05-31,Feature Request,4
16,13,2025-03-22,2025-03-24,Login,4
17,13,2025-12-31,2026-01-06,Login,3
18,14,2024-01-29,2024-02-03,Feature Request,3
19,14,2024-09-13,2024-09-13,Billing,2
20,14,2025-12-26,2025-12-26,Feature Request,4
21,15,2026-03-08,2026-03-08,Login,2
22,15,2025-12-19,2025-12-25,Technical,4
23,15,2025-09-22,2025-09-24,Billing,3
24,16,2026-01-14,2026-01-16,Billing,4
25,19,2025-06-16,2025-06-16,Login,4
26,19,2024-03-14,2024-03-14,Cancellation,4
27,20,2025-12-04,2025-12-04,Feature Request,2
28,20,2024-08-10,2024-08-15,Feature Request,2
29,21,2024-08-20,2024-08-23,Billing,3
30,22,2026-01-25,2026-01-31,Technical,3
31,22,2024-06-06,2024-06-07,Billing,4
32,23,2025-05-08,2025-05-12,Feature Request,3
33,24,2024-10-17,2024-10-23,Feature Request,1
34,25,2025-04-07,2025-04-13,Login,3
35,26,2026-01-04,2026-01-06,Feature Request,5
36,26,2025-12-15,2025-12-15,Technical,2
37,28,2025-10-15,2025-10-21,Billing,1
38,28,2026-02-06,2026-02-08,Cancellation,4
39,28,2024-02-12,2024-02-17,Feature Request,1
40,29,2024-11-08,2024-11-08,Login,3
41,29,2025-01-29,2025-02-01,Cancellation,5
42,29,2025-11-20,2025-11-21,Billing,3
43,30,2025-12-19,2025-12-21,Cancellation,1
44,30,2026-02-12,2026-02-18,Billing,3
45,30,2025-04-09,2025-04-11,Feature Request,4
46,31,2024-11-09,2024-11-13,Technical,4
47,31,2026-03-05,2026-03-09,Billing,2
48,32,2025-07-22,2025-07-28,Login,1
49,32,2025-02-07,2025-02-09,Cancellation,2
50,34,2026-02-23,2026-02-24,Cancellation,4
51,34,2024-10-24,2024-10-29,Billing,3
52,36,2024-02-21,2024-02-21,Technical,2
53,36,2024-06-04,2024-06-07,Feature Request,3
54,36,2025-05-19,2025-05-23,Technical,5
55,37,2025-01-19,2025-01-20,Technical,3
56,37,2024-10-11,2024-10-16,Feature Request,1
57,37,2025-07-10,2025-07-15,Cancellation,1
58,39,2025-01-04,2025-01-09,Feature Request,5
59,39,2024-04-15,2024-04-17,Login,4
60,39,2024-06-04,2024-06-09,Billing,1
61,40,2025-11-27,2025-11-30,Feature Request,5
62,41,2025-05-05,2025-05-07,Technical,1
63,41,2024-06-26,2024-07-01,Feature Request,5
64,42,2025-05-12,2025-05-12,Cancellation,3
65,42,2024-11-11,2024-11-14,Login,1
66,42,2025-01-31,2025-02-04,Billing,3
67,43,2025-09-09,2025-09-09,Billing,3
68,45,2024-05-23,2024-05-28,Technical,5
69,45,2024-11-21,2024-11-26,Feature Request,3
70,45,2024-04-13,2024-04-15,Feature Request,2
71,47,2024-03-26,2024-03-30,Technical,1
72,49,2024-12-09,2024-12-15,Cancellation,5
73,50,2024-12-09,2024-12-10,Cancellation,2
74,52,2025-03-10,2025-03-13,Technical,4
75,54,2025-07-29,2025-07-31,Feature Request,4
76,54,2026-03-11,2026-03-17,Login,1
77,54,2024-01-04,2024-01-09,Login,2
78,55,2024-11-07,2024-11-07,Billing,1
79,55,2026-01-02,2026-01-02,Billing,2
80,57,2024-02-04,2024-02-05,Billing,4
81,57,2024-12-09,2024-12-11,Technical,3
82,58,2025-12-08,2025-12-11,Cancellation,1
83,58,2024-03-07,2024-03-07,Cancellation,3
84,58,2024-05-19,2024-05-25,Login,5
85,59,2025-02-20,2025-02-22,Login,4
86,59,2025-06-07,2025-06-07,Billing,5
87,59,2025-12-25,2025-12-30,Login,3
88,60,2024-06-08,2024-06-11,Cancellation,1
89,60,2025-12-21,2025-12-21,Cancellation,5
90,61,2026-01-21,2026-01-26,Cancellation,4
91,61,2024-04-06,2024-04-12,Feature Request,2
92,62,2026-02-23,2026-02-27,Billing,1
93,63,2024-06-20,2024-06-21,Cancellation,1
94,64,2025-07-25,2025-07-29,Technical,4
95,64,2025-03-01,2025-03-04,Billing,5
96,65,2025-09-14,2025-09-16,Cancellation,3
97,66,2026-02-12,2026-02-16,Feature Request,5
98,66,2024-12-03,2024-12-09,Feature Request,2
99,67,2026-02-20,2026-02-23,Billing,1
100,67,2024-12-20,2024-12-23,Login,2
101,68,2024-10-17,2024-10-23,Technical,2
102,68,2025-09-28,2025-10-03,Login,1
103,71,2024-02-14,2024-02-19,Feature Request,5
104,71,2024-07-01,2024-07-05,Login,2
105,71,2026-01-11,2026-01-13,Billing,4
106,72,2025-01-26,2025-01-26,Billing,3
107,75,2025-05-22,2025-05-24,Technical,5
108,77,2024-01-10,2024-01-14,Login,4
109,78,2024-02-07,2024-02-07,Feature Request,4
110,78,2025-12-01,2025-12-03,Billing,4
111,78,2025-01-05,2025-01-07,Feature Request,3
112,79,2025-12-07,2025-12-08,Cancellation,5
113,80,2025-03-02,2025-03-04,Login,4
114,80,2024-03-05,2024-03-10,Cancellation,3
115,80,2025-04-12,2025-04-16,Login,3
116,82,2024-05-02,2024-05-06,Billing,5
117,82,2025-08-23,2025-08-25,Login,5
118,84,2025-01-20,2025-01-20,Technical,2
119,84,2025-02-03,2025-02-09,Technical,4
120,85,2026-01-20,2026-01-20,Technical,1
121,85,2024-04-09,2024-04-11,Billing,2
122,86,2024-02-04,2024-02-05,Billing,2
123,86,2024-06-15,2024-06-17,Feature Request,4
124,86,2025-05-06,2025-05-09,Feature Request,5
125,87,2026-01-19,2026-01-19,Cancellation,4
126,87,2024-04-01,2024-04-01,Billing,5
127,87,2025-09-29,2025-10-04,Billing,1
128,88,2025-11-02,2025-11-03,Login,5
129,88,2026-01-21,2026-01-24,Technical,4
130,88,2024-06-29,2024-07-01,Cancellation,5
131,89,2024-04-28,2024-04-30,Billing,4
132,89,2024-07-26,2024-07-28,Cancellation,2
133,91,2024-03-19,2024-03-24,Billing,1
134,91,2024-08-26,2024-08-31,Feature Request,3
135,91,2025-10-02,2025-10-02,Login,3
136,92,2025-10-30,2025-10-31,Login,3
137,93,2024-09-07,2024-09-12,Cancellation,4
138,93,2025-05-17,2025-05-19,Feature Request,1
139,94,2025-02-15,2025-02-19,Technical,3
140,95,2025-06-03,2025-06-06,Feature Request,2
141,96,2024-09-14,2024-09-19,Billing,1
142,97,2024-05-20,2024-05-22,Cancellation,4
143,97,2024-04-13,2024-04-18,Cancellation,4
144,99,2024-10-30,2024-10-31,Billing,2
145,99,2024-12-19,2024-12-21,Feature Request,1
146,99,2025-08-06,2025-08-09,Billing,3
147,100,2025-06-07,2025-06-08,Login,4
148,100,2024-06-29,2024-07-02,Cancellation,2
149,101,2026-02-19,2026-02-25,Login,2
150,101,2024-09-10,2024-09-10,Login,1
151,101,2025-10-11,2025-10-12,Cancellation,2
152,104,2025-04-30,2025-04-30,Cancellation,3
153,104,2025-12-21,2025-12-22,Feature Request,4
154,104,2024-09-04,2024-09-04,Cancellation,4
155,105,2024-03-08,2024-03-08,Technical,3
156,107,2025-03-19,2025-03-24,Technical,5
157,108,2024-01-08,2024-01-12,Feature Request,5
158,108,2024-02-10,2024-02-13,Login,2
159,108,2025-09-26,2025-09-28,Billing,3
160,109,2024-04-05,2024-04-05,Login,2
161,110,2026-02-27,2026-03-03,Feature Request,5
162,110,2024-07-18,2024-07-20,Cancellation,5
163,110,2024-04-12,2024-04-13,Billing,2
164,111,2024-12-30,2025-01-02,Cancellation,4
165,111,2024-11-16,2024-11-17,Feature Request,4
166,111,2024-02-06,2024-02-10,Cancellation,4
167,112,2024-05-19,2024-05-21,Technical,4
168,113,2024-03-10,2024-03-13,Technical,1
169,113,2024-04-22,2024-04-23,Login,1
170,115,2024-09-28,2024-09-29,Login,2
171,115,2024-03-21,2024-03-23,Cancellation,3
172,117,2024-05-21,2024-05-24,Billing,3
173,118,2024-09-17,2024-09-20,Technical,3
174,118,2024-06-07,2024-06-09,Login,3
175,119,2024-05-19,2024-05-22,Login,1
176,120,2025-10-07,2025-10-07,Cancellation,4
177,121,2024-03-21,2024-03-26,Cancellation,1
178,121,2025-11-21,2025-11-25,Technical,4
179,122,2025-06-04,2025-06-10,Technical,2
180,122,2025-10-14,2025-10-18,Cancellation,3
181,122,2024-07-16,2024-07-20,Technical,1
182,124,2025-03-20,2025-03-26,Cancellation,1
183,124,2025-12-14,2025-12-14,Login,1
184,124,2025-07-24,2025-07-28,Feature Request,2
185,125,2024-02-12,2024-02-12,Technical,4
186,125,2024-03-18,2024-03-20,Login,1
187,125,2024-09-27,2024-10-02,Cancellation,4
188,126,2024-02-12,2024-02-12,Cancellation,1
189,126,2024-09-16,2024-09-21,Billing,2
190,127,2024-05-10,2024-05-11,Cancellation,4
191,128,2024-08-14,2024-08-15,Technical,4
192,129,2025-10-11,2025-10-13,Billing,3
193,129,2024-08-15,2024-08-19,Technical,5
194,130,2025-05-07,2025-05-10,Login,3
195,130,2025-08-21,2025-08-23,Technical,2
196,131,2024-11-22,2024-11-23,Feature Request,4
197,132,2026-03-05,2026-03-06,Feature Request,2
198,132,2026-02-15,2026-02-18,Feature Request,1
199,133,2025-07-15,2025-07-17,Cancellation,2
200,133,2024-05-04,2024-05-06,Cancellation,3
201,134,2024-05-17,2024-05-20,Cancellation,1
202,134,2024-12-17,2024-12-18,Cancellation,5
203,134,2024-12-29,2024-12-31,Login,5
204,135,2025-08-08,2025-08-12,Login,1
205,135,2025-08-02,2025-08-08,Technical,1
206,136,2025-04-28,2025-05-01,Cancellation,3
207,136,2026-02-01,2026-02-05,Cancellation,5
208,137,2024-08-04,2024-08-09,Billing,5
209,137,2024-05-06,2024-05-12,Technical,1
210,139,2024-05-28,2024-06-02,Technical,1
211,141,2024-04-13,2024-04-19,Feature Request,4
212,141,2024-05-22,2024-05-24,Login,1
213,141,2025-04-11,2025-04-12,Billing,1
214,142,2025-10-15,2025-10-20,Login,5
215,143,2024-08-11,2024-08-11,Feature Request,2
216,144,2024-05-24,2024-05-29,Billing,5
217,144,2024-01-02,2024-01-02,Cancellation,4
218,145,2024-03-18,2024-03-18,Cancellation,3
219,145,2025-06-19,2025-06-21,Cancellation,1
220,145,2024-09-08,2024-09-14,Billing,5
221,147,2025-02-22,2025-02-25,Login,3
222,147,2025-11-02,2025-11-02,Technical,3
223,147,2025-09-29,2025-09-30,Technical,4
224,148,2024-09-04,2024-09-10,Login,2
225,149,2025-01-29,2025-01-31,Login,4
226,150,2024-09-30,2024-10-04,Feature Request,3
227,150,2025-01-03,2025-01-08,Technical,5
228,152,2024-11-03,2024-11-07,Login,5
229,152,2025-01-05,2025-01-05,Technical,4
230,153,2025-01-12,2025-01-15,Billing,5
231,154,2024-07-08,2024-07-13,Billing,5
232,154,2025-05-07,2025-05-10,Feature Request,2
233,154,2025-09-12,2025-09-13,Technical,3
234,155,2024-05-12,2024-05-12,Login,5
235,156,2025-03-03,2025-03-04,Technical,4
236,156,2024-12-14,2024-12-20,Feature Request,1
237,156,2024-01-12,2024-01-12,Billing,2
238,158,2024-02-16,2024-02-19,Login,3
239,158,2025-06-08,2025-06-09,Technical,2
240,159,2024-05-10,2024-05-15,Login,3
241,159,2024-11-24,2024-11-28,Technical,5
242,159,2024-03-05,2024-03-08,Cancellation,5
243,160,2025-06-01,2025-06-07,Technical,4
244,160,2024-10-06,2024-10-06,Technical,3
245,160,2025-07-07,2025-07-10,Feature Request,4
246,161,2025-04-11,2025-04-11,Feature Request,2
247,161,2025-10-06,2025-10-12,Feature Request,2
248,161,2025-08-02,2025-08-08,Feature Request,4
249,162,2025-07-22,2025-07-28,Technical,1
250,163,2025-03-29,2025-03-29,Login,5
251,163,2025-08-13,2025-08-15,Cancellation,4
252,163,2024-02-03,2024-02-03,Technical,2
253,164,2025-05-09,2025-05-13,Technical,2
254,164,2024-07-20,2024-07-25,Cancellation,5
255,165,2024-02-07,2024-02-11,Cancellation,2
256,165,2024-02-19,2024-02-22,Feature Request,2
257,165,2024-05-24,2024-05-28,Technical,3
258,166,2024-11-15,2024-11-17,Cancellation,1
259,166,2025-07-05,2025-07-11,Feature Request,4
260,166,2025-03-26,2025-03-31,Cancellation,3
261,167,2024-05-04,2024-05-08,Technical,5
262,167,2025-01-23,2025-01-27,Login,1
263,169,2024-06-19,2024-06-19,Login,4
264,170,2024-10-18,2024-10-20,Billing,5
265,170,2025-05-02,2025-05-08,Cancellation,3
266,170,2024-05-12,2024-05-18,Technical,3
267,172,2026-02-21,2026-02-23,Technical,3
268,173,2024-01-29,2024-01-29,Billing,2
269,173,2025-07-11,2025-07-15,Technical,4
270,174,2025-02-23,2025-02-23,Feature Request,2
271,174,2025-06-14,2025-06-17,Technical,1
272,174,2024-09-12,2024-09-13,Cancellation,1
273,175,2025-10-06,2025-10-09,Billing,2
274,176,2025-12-24,2025-12-30,Technical,5
275,177,2025-06-21,2025-06-26,Feature Request,4
276,177,2024-10-04,2024-10-05,Billing,4
277,178,2025-05-30,2025-06-04,Login,5
278,178,2025-06-17,2025-06-18,Feature Request,2
279,179,2026-01-23,2026-01-27,Feature Request,1
280,180,2024-01-07,2024-01-10,Login,1
281,180,2024-10-27,2024-11-01,Billing,4
282,182,2025-11-20,2025-11-24,Billing,3
283,182,2024-08-26,2024-08-26,Billing,5
284,182,2026-02-26,2026-02-28,Login,2
285,183,2025-04-03,2025-04-04,Feature Request,1
286,183,2024-09-15,2024-09-18,Feature Request,5
287,183,2026-01-27,2026-01-28,Feature Request,5
288,184,2025-02-02,2025-02-08,Billing,1
289,184,2026-02-02,2026-02-05,Billing,5
290,185,2025-04-07,2025-04-10,Cancellation,5
291,187,2025-03-10,2025-03-12,Login,3
292,187,2025-09-17,2025-09-21,Technical,5
293,187,2024-08-13,2024-08-17,Feature Request,1
294,188,2025-05-09,2025-05-09,Login,3
295,190,2025-10-18,2025-10-18,Cancellation,5
296,190,2025-03-02,2025-03-08,Technical,2
297,191,2024-07-30,2024-08-03,Billing,2
298,192,2025-05-25,2025-05-26,Billing,5
299,192,2024-02-05,2024-02-06,Technical,4
300,192,2025-11-27,2025-11-29,Billing,4
301,193,2024-05-01,2024-05-06,Cancellation,5
302,193,2024-03-29,2024-03-30,Feature Request,1
303,194,2024-12-01,2024-12-03,Login,2
304,194,2024-02-05,2024-02-10,Technical,1
305,195,2025-09-20,2025-09-26,Billing,2
306,195,2025-01-10,2025-01-13,Login,1
307,196,2025-08-18,2025-08-23,Technical,2
308,197,2024-09-04,2024-09-10,Technical,1
309,197,2024-02-25,2024-02-28,Technical,5
310,197,2025-10-03,2025-10-06,Feature Request,1
311,198,2024-05-31,2024-06-05,Cancellation,5
312,198,2026-03-09,2026-03-14,Billing,4
313,199,2025-10-07,2025-10-09,Login,4
314,201,2024-07-12,2024-07-13,Feature Request,1
315,203,2024-02-22,2024-02-26,Login,5
316,204,2025-11-26,2025-12-02,Feature Request,3
317,205,2025-11-23,2025-11-23,Cancellation,1
318,207,2026-01-14,2026-01-14,Technical,3
319,210,2024-02-26,2024-02-27,Feature Request,4
320,210,2024-03-14,2024-03-17,Login,4
321,212,2025-12-08,2025-12-12,Technical,5
322,213,2024-05-15,2024-05-16,Cancellation,3
323,214,2024-05-20,2024-05-25,Technical,2
324,214,2025-11-16,2025-11-21,Feature Request,1
325,215,2025-06-13,2025-06-13,Technical,4
326,215,2024-04-24,2024-04-29,Technical,3
327,215,2025-05-01,2025-05-04,Feature Request,3
328,216,2025-03-24,2025-03-30,Feature Request,1
329,216,2025-03-10,2025-03-11,Cancellation,1
330,218,2024-08-11,2024-08-17,Billing,3
331,218,2025-11-25,2025-11-26,Cancellation,1
332,218,2024-07-10,2024-07-10,Feature Request,1
333,221,2024-03-11,2024-03-11,Cancellation,4
334,221,2024-11-25,2024-11-27,Technical,5
335,224,2026-02-13,2026-02-13,Cancellation,2
336,224,2024-09-16,2024-09-18,Feature Request,1
337,226,2025-02-21,2025-02-23,Feature Request,2
338,226,2024-01-03,2024-01-07,Technical,2
339,227,2025-09-14,2025-09-20,Technical,5
340,227,2024-07-06,2024-07-11,Technical,2
341,227,2026-02-09,2026-02-14,Feature Request,2
342,228,2025-03-26,2025-04-01,Login,1
343,228,2025-07-18,2025-07-22,Technical,3
344,228,2024-11-01,2024-11-02,Billing,3
345,229,2024-03-02,2024-03-02,Cancellation,2
346,229,2025-05-27,2025-05-31,Technical,1
347,229,2024-05-03,2024-05-05,Cancellation,3
348,230,2024-09-27,2024-10-01,Login,5
349,231,2024-01-02,2024-01-08,Feature Request,5
350,233,2024-01-14,2024-01-20,Feature Request,1
351,236,2026-02-27,2026-03-05,Billing,1
352,236,2025-12-20,2025-12-21,Technical,1
353,237,2024-05-05,2024-05-05,Billing,5
354,237,2025-03-11,2025-03-16,Billing,1
355,237,2025-12-25,2025-12-31,Login,2
356,238,2025-04-27,2025-04-29,Login,4
357,238,2025-04-25,2025-04-28,Billing,5
358,238,2024-07-17,2024-07-19,Technical,5
359,240,2024-08-26,2024-08-31,Technical,5
360,240,2025-12-13,2025-12-19,Login,3
361,240,2024-08-29,2024-08-31,Feature Request,3
362,241,2025-08-13,2025-08-13,Cancellation,5
363,241,2025-03-26,2025-03-28,Billing,4
364,242,2025-03-29,2025-03-29,Cancellation,3
365,242,2025-02-23,2025-02-25,Login,5
366,242,2025-12-08,2025-12-11,Technical,3
367,243,2024-06-03,2024-06-08,Feature Request,3
368,244,2024-08-26,2024-08-26,Billing,5
369,244,2024-11-29,2024-12-03,Login,5
370,244,2025-03-06,2025-03-06,Login,5
371,245,2025-12-21,2025-12-26,Feature Request,2
372,246,2024-09-14,2024-09-15,Login,1
373,247,2025-03-17,2025-03-18,Cancellation,1
374,248,2024-09-14,2024-09-14,Cancellation,1
375,249,2024-03-12,2024-03-15,Login,2
376,253,2024-09-01,2024-09-06,Technical,2
377,253,2024-10-18,2024-10-24,Billing,4
378,253,2024-12-16,2024-12-21,Cancellation,2
379,254,2026-02-24,2026-02-27,Login,2
380,254,2024-03-02,2024-03-03,Feature Request,1
381,254,2025-08-05,2025-08-08,Login,2
382,256,2025-10-21,2025-10-27,Cancellation,5
383,256,2024-02-08,2024-02-11,Cancellation,2
384,257,2024-03-25,2024-03-29,Login,1
385,258,2025-10-04,2025-10-07,Cancellation,2
386,258,2025-02-07,2025-02-11,Feature Request,5
387,259,2024-12-13,2024-12-18,Login,5
388,259,2025-04-30,2025-04-30,Cancellation,1
389,259,2026-01-02,2026-01-07,Technical,3
390,260,2025-11-08,2025-11-13,Billing,4
391,261,2025-01-18,2025-01-21,Technical,4
392,261,2024-02-05,2024-02-11,Cancellation,1
393,262,2025-02-28,2025-03-06,Login,5
394,264,2024-10-06,2024-10-07,Technical,3
395,264,2025-07-11,2025-07-12,Billing,1
396,264,2025-07-06,2025-07-09,Feature Request,4
397,265,2025-12-13,2025-12-13,Login,2
398,265,2024-10-02,2024-10-07,Billing,3
399,265,2024-03-12,2024-03-14,Billing,2
400,267,2025-12-20,2025-12-23,Feature Request,1
401,268,2025-01-29,2025-02-01,Billing,2
402,269,2025-10-23,2025-10-29,Feature Request,2
403,269,2024-05-08,2024-05-10,Feature Request,3
404,269,2024-01-13,2024-01-19,Login,5
405,270,2025-04-26,2025-04-28,Billing,3
406,270,2025-04-09,2025-04-09,Technical,4
407,270,2024-08-26,2024-08-30,Cancellation,2
408,271,2025-03-21,2025-03-26,Cancellation,3
409,272,2025-12-09,2025-12-14,Cancellation,4
410,272,2025-03-30,2025-04-02,Billing,5
411,274,2024-01-08,2024-01-08,Feature Request,3
412,275,2025-12-03,2025-12-05,Technical,3
413,275,2024-02-19,2024-02-24,Billing,3
414,276,2026-01-06,2026-01-08,Login,2
415,276,2024-07-27,2024-07-31,Technical,4
416,276,2025-11-08,2025-11-11,Feature Request,1
417,277,2025-09-12,2025-09-17,Technical,2
418,277,2024-12-26,2024-12-30,Cancellation,2
419,278,2024-07-18,2024-07-22,Cancellation,3
420,279,2024-09-09,2024-09-14,Login,2
421,282,2024-03-05,2024-03-05,Technical,4
422,282,2025-05-13,2025-05-17,Billing,1
423,282,2025-07-12,2025-07-15,Login,5
424,283,2025-07-10,2025-07-11,Cancellation,5
425,284,2024-07-14,2024-07-16,Feature Request,3
426,284,2025-12-12,2025-12-17,Technical,1
427,285,2024-02-26,2024-03-03,Login,2
428,285,2024-09-26,2024-10-02,Cancellation,1
429,286,2024-01-07,2024-01-09,Billing,5
430,286,2025-08-04,2025-08-05,Login,1
431,286,2025-10-29,2025-11-01,Technical,2
432,287,2026-01-27,2026-01-28,Billing,3
433,288,2024-02-23,2024-02-27,Technical,4
434,288,2024-07-12,2024-07-18,Cancellation,2
435,289,2024-01-27,2024-02-01,Login,3
436,289,2026-02-17,2026-02-22,Login,2
437,290,2024-09-05,2024-09-06,Feature Request,2
438,291,2024-07-28,2024-08-02,Cancellation,2
439,291,2026-02-02,2026-02-06,Cancellation,1
440,291,2025-07-16,2025-07-17,Login,5
441,292,2025-08-05,2025-08-10,Billing,5
442,292,2024-10-16,2024-10-20,Billing,5
443,293,2025-09-21,2025-09-23,Cancellation,1
444,293,2024-12-16,2024-12-19,Cancellation,4
445,294,2024-11-04,2024-11-05,Feature Request,2
446,294,2024-07-22,2024-07-22,Feature Request,1
447,294,2024-09-02,2024-09-05,Feature Request,3
448,296,2025-06-20,2025-06-23,Cancellation,1
449,296,2024-05-23,2024-05-27,Cancellation,1
450,298,2025-09-27,2025-09-29,Feature Request,3
451,299,2024-08-07,2024-08-08,Feature Request,4
452,299,2026-03-01,2026-03-05,Technical,5
453,299,2025-06-06,2025-06-06,Feature Request,3
454,302,2024-01-10,2024-01-11,Feature Request,4
455,304,2025-08-29,2025-08-29,Billing,5
456,304,2026-01-25,2026-01-28,Login,5
457,305,2024-01-22,2024-01-28,Feature Request,3
458,305,2025-08-16,2025-08-22,Technical,4
459,305,2024-04-12,2024-04-12,Billing,5
460,306,2025-05-14,2025-05-19,Technical,1
461,307,2024-06-19,2024-06-25,Cancellation,2
462,307,2025-01-11,2025-01-14,Cancellation,5
463,307,2024-03-14,2024-03-18,Technical,1
464,308,2024-05-11,2024-05-12,Billing,1
465,309,2025-12-15,2025-12-19,Feature Request,5
466,311,2025-03-19,2025-03-25,Feature Request,1
467,311,2024-01-15,2024-01-19,Billing,3
468,311,2025-12-08,2025-12-14,Cancellation,5
469,312,2024-06-12,2024-06-18,Billing,3
470,312,2025-02-24,2025-02-28,Login,3
471,312,2025-11-07,2025-11-12,Cancellation,3
472,313,2026-01-13,2026-01-16,Login,5
473,316,2024-07-23,2024-07-28,Billing,3
474,316,2025-01-07,2025-01-08,Feature Request,3
475,317,2025-08-06,2025-08-07,Billing,2
476,317,2025-12-04,2025-12-08,Billing,1
477,318,2026-01-12,2026-01-16,Technical,5
478,318,2024-10-03,2024-10-05,Cancellation,4
479,318,2024-03-14,2024-03-20,Login,2
480,320,2025-11-14,2025-11-15,Feature Request,4
481,320,2024-11-03,2024-11-09,Technical,3
482,320,2026-01-19,2026-01-20,Feature Request,5
483,321,2024-11-20,2024-11-25,Login,5
484,323,2025-07-17,2025-07-23,Technical,1
485,323,2025-05-07,2025-05-07,Technical,3
486,323,2024-05-22,2024-05-25,Feature Request,2
487,324,2026-01-18,2026-01-19,Technical,4
488,325,2024-04-24,2024-04-27,Feature Request,1
489,325,2025-07-29,2025-07-29,Login,2
490,325,2024-07-13,2024-07-15,Billing,5
491,326,2025-06-03,2025-06-03,Cancellation,1
492,326,2024-06-06,2024-06-08,Billing,3
493,326,2024-07-11,2024-07-13,Login,4
494,327,2025-01-10,2025-01-12,Billing,2
495,329,2025-10-29,2025-11-04,Feature Request,3
496,330,2024-04-03,2024-04-05,Cancellation,3
497,330,2024-01-24,2024-01-24,Feature Request,3
498,330,2025-08-21,2025-08-25,Login,4
499,331,2024-08-13,2024-08-13,Technical,3
500,331,2024-06-15,2024-06-18,Billing,5
501,334,2024-11-08,2024-11-11,Cancellation,3
502,334,2024-02-11,2024-02-14,Technical,3
503,334,2024-01-10,2024-01-11,Billing,1
504,335,2025-07-04,2025-07-09,Cancellation,4
505,335,2025-10-29,2025-10-30,Technical,2
506,335,2024-02-21,2024-02-23,Billing,2
507,336,2024-06-12,2024-06-13,Feature Request,3
508,336,2024-01-10,2024-01-12,Login,2
509,337,2025-05-28,2025-05-30,Billing,1
510,337,2024-07-24,2024-07-27,Technical,4
511,338,2024-12-10,2024-12-10,Login,5
512,338,2024-08-30,2024-08-31,Billing,1
513,339,2026-01-29,2026-02-03,Feature Request,5
514,339,2024-11-26,2024-11-27,Login,1
515,340,2024-06-12,2024-06-15,Cancellation,5
516,341,2025-11-08,2025-11-11,Technical,3
517,341,2024-04-11,2024-04-11,Login,2
518,343,2024-01-28,2024-02-01,Feature Request,4
519,344,2025-06-16,2025-06-17,Feature Request,3
520,344,2024-04-26,2024-05-01,Login,4
521,345,2024-05-19,2024-05-19,Login,5
522,345,2024-06-25,2024-06-28,Login,5
523,345,2025-05-21,2025-05-25,Cancellation,2
524,346,2024-06-27,2024-07-01,Login,3
525,348,2024-09-28,2024-09-29,Login,4
526,348,2025-10-01,2025-10-01,Feature Request,1
527,348,2024-12-26,2024-12-26,Feature Request,1
528,349,2024-12-22,2024-12-24,Cancellation,4
529,349,2024-02-03,2024-02-04,Feature Request,1
530,349,2025-10-09,2025-10-15,Billing,5
531,350,2025-04-13,2025-04-14,Feature Request,4
532,350,2024-11-14,2024-11-19,Login,1
533,351,2025-07-27,2025-07-27,Technical,1
534,351,2024-01-27,2024-01-27,Login,2
535,351,2024-01-22,2024-01-28,Billing,5
536,352,2026-01-16,2026-01-16,Feature Request,3
537,352,2025-02-19,2025-02-21,Cancellation,5
538,352,2024-10-30,2024-11-05,Billing,3
539,353,2024-01-12,2024-01-13,Technical,4
540,353,2024-03-10,2024-03-16,Technical,5
541,355,2024-04-04,2024-04-08,Login,1
542,355,2025-10-30,2025-11-01,Technical,5
543,356,2024-01-18,2024-01-23,Feature Request,3
544,356,2024-06-09,2024-06-09,Feature Request,5
545,356,2024-08-25,2024-08-31,Cancellation,5
546,357,2024-05-22,2024-05-23,Cancellation,1
547,358,2024-08-24,2024-08-30,Technical,3
548,358,2025-09-11,2025-09-16,Feature Request,4
549,358,2025-05-30,2025-05-31,Technical,3
550,359,2025-06-03,2025-06-03,Cancellation,3
551,360,2024-11-10,2024-11-11,Login,2
552,360,2025-09-05,2025-09-07,Feature Request,3
553,360,2024-12-28,2024-12-30,Login,2
554,361,2025-01-06,2025-01-06,Cancellation,4
555,362,2024-03-14,2024-03-15,Billing,5
556,362,2025-04-27,2025-05-02,Cancellation,3
557,363,2024-05-10,2024-05-14,Login,4
558,364,2025-12-07,2025-12-13,Technical,1
559,365,2024-07-09,2024-07-09,Technical,2
560,366,2025-11-03,2025-11-03,Technical,2
561,366,2025-10-11,2025-10-17,Login,2
562,366,2025-05-28,2025-06-01,Feature Request,5
563,368,2025-11-22,2025-11-27,Billing,4
564,370,2024-05-22,2024-05-22,Billing,4
565,370,2024-02-01,2024-02-07,Cancellation,5
566,373,2026-02-18,2026-02-22,Feature Request,4
567,373,2025-12-04,2025-12-09,Cancellation,4
568,373,2024-07-11,2024-07-12,Login,2
569,374,2024-07-15,2024-07-20,Feature Request,4
570,374,2024-07-29,2024-08-01,Technical,3
571,374,2024-04-29,2024-05-02,Cancellation,5
572,375,2024-06-13,2024-06-19,Login,2
573,375,2026-01-06,2026-01-11,Cancellation,1
574,375,2025-12-22,2025-12-27,Feature Request,2
575,377,2026-01-29,2026-01-31,Technical,2
576,377,2025-07-21,2025-07-21,Feature Request,5
577,377,2025-09-09,2025-09-09,Billing,5
578,380,2024-11-02,2024-11-04,Technical,3
579,380,2026-01-01,2026-01-04,Technical,3
580,380,2025-05-22,2025-05-28,Billing,1
581,381,2024-04-23,2024-04-23,Technical,2
582,381,2024-08-12,2024-08-18,Technical,4
583,382,2024-10-20,2024-10-20,Feature Request,1
584,382,2025-09-10,2025-09-11,Feature Request,4
585,382,2025-10-29,2025-10-29,Login,2
586,383,2025-11-25,2025-11-30,Technical,1
587,384,2025-11-02,2025-11-04,Billing,5
588,384,2024-09-06,2024-09-09,Feature Request,3
589,384,2024-03-18,2024-03-21,Login,5
590,385,2024-05-31,2024-06-04,Billing,2
591,385,2025-09-07,2025-09-07,Billing,1
592,385,2024-03-26,2024-03-30,Cancellation,3
593,386,2024-01-12,2024-01-14,Cancellation,4
594,386,2024-10-20,2024-10-24,Billing,4
595,387,2025-07-22,2025-07-22,Billing,4
596,388,2024-10-01,2024-10-04,Login,3
597,388,2024-01-23,2024-01-29,Login,4
598,388,2024-07-05,2024-07-06,Login,2
599,389,2024-07-26,2024-07-27,Technical,4
600,389,2025-02-10,2025-02-11,Billing,2
601,390,2026-02-16,2026-02-19,Technical,4
602,390,2025-12-05,2025-12-05,Technical,4
603,391,2025-02-20,2025-02-26,Technical,5
604,391,2024-05-05,2024-05-09,Login,3
605,391,2026-03-03,2026-03-05,Billing,2
606,392,2024-05-25,2024-05-27,Login,2
607,392,2025-01-01,2025-01-04,Login,2
608,392,2024-09-27,2024-10-02,Feature Request,5
609,393,2024-07-09,2024-07-10,Technical,3
610,393,2026-01-16,2026-01-18,Billing,5
611,394,2024-09-17,2024-09-18,Login,4
612,395,2025-02-23,2025-02-24,Cancellation,3
613,396,2025-07-28,2025-07-29,Cancellation,1
614,396,2024-04-24,2024-04-24,Cancellation,3
615,397,2025-11-02,2025-11-08,Login,5
616,397,2025-02-03,2025-02-03,Login,1
617,398,2025-10-14,2025-10-17,Technical,4
618,399,2025-05-26,2025-05-28,Feature Request,4
619,399,2026-01-27,2026-01-31,Feature Request,1
620,399,2024-07-18,2024-07-20,Feature Request,3
621,402,2024-04-17,2024-04-20,Billing,5
622,402,2025-02-22,2025-02-24,Billing,3
623,402,2024-06-25,2024-06-28,Feature Request,3
624,403,2024-05-16,2024-05-17,Cancellation,1
625,404,2025-11-28,2025-11-30,Billing,2
626,404,2024-06-04,2024-06-04,Feature Request,4
627,404,2025-01-01,2025-01-04,Feature Request,5
628,405,2026-02-13,2026-02-16,Login,3
629,405,2024-03-23,2024-03-28,Cancellation,2
630,405,2024-08-21,2024-08-27,Cancellation,3
631,406,2025-03-28,2025-04-03,Technical,4
632,406,2024-08-25,2024-08-28,Feature Request,5
633,406,2025-02-21,2025-02-26,Feature Request,2
634,407,2024-05-02,2024-05-03,Cancellation,1
635,407,2024-12-27,2024-12-31,Feature Request,4
636,407,2026-03-03,2026-03-06,Cancellation,4
637,409,2025-09-26,2025-09-28,Feature Request,1
638,409,2025-10-20,2025-10-24,Cancellation,2
639,413,2025-11-07,2025-11-09,Cancellation,4
640,413,2024-06-30,2024-07-04,Feature Request,2
641,415,2025-02-18,2025-02-19,Login,3
642,417,2025-03-19,2025-03-22,Login,4
643,417,2024-08-12,2024-08-13,Technical,5
644,418,2026-01-17,2026-01-17,Feature Request,2
645,418,2025-07-27,2025-07-30,Feature Request,2
646,419,2025-11-23,2025-11-29,Cancellation,1
647,421,2024-11-20,2024-11-25,Technical,1
648,422,2025-06-20,2025-06-26,Billing,3
649,422,2024-11-02,2024-11-08,Technical,1
650,422,2024-01-17,2024-01-23,Billing,1
651,424,2025-05-20,2025-05-23,Feature Request,2
652,424,2025-07-11,2025-07-13,Technical,2
653,424,2025-04-10,2025-04-16,Feature Request,3
654,425,2024-05-04,2024-05-04,Cancellation,3
655,425,2025-06-28,2025-07-03,Login,3
656,425,2025-11-14,2025-11-20,Technical,4
657,426,2024-01-10,2024-01-10,Billing,5
658,426,2024-03-17,2024-03-23,Cancellation,1
659,427,2024-04-03,2024-04-04,Billing,3
660,428,2025-03-09,2025-03-14,Feature Request,4
661,428,2025-06-19,2025-06-22,Login,1
662,428,2025-06-28,2025-07-01,Cancellation,4
663,429,2024-07-25,2024-07-26,Technical,5
664,429,2025-04-11,2025-04-12,Billing,2
665,431,2025-10-06,2025-10-12,Feature Request,3
666,431,2025-02-13,2025-02-13,Billing,2
667,431,2024-02-10,2024-02-13,Feature Request,4
668,432,2025-10-22,2025-10-24,Technical,2
669,433,2024-09-27,2024-09-27,Cancellation,3
670,433,2024-04-02,2024-04-03,Cancellation,4
671,433,2025-05-06,2025-05-12,Login,5
672,435,2025-04-13,2025-04-19,Billing,2
673,436,2024-12-05,2024-12-06,Billing,3
674,437,2024-01-01,2024-01-05,Feature Request,5
675,438,2024-12-14,2024-12-16,Feature Request,4
676,438,2026-01-05,2026-01-05,Cancellation,1
677,439,2024-12-28,2025-01-02,Feature Request,5
678,439,2024-02-14,2024-02-20,Technical,1
679,439,2026-01-31,2026-02-04,Login,1
680,440,2024-02-03,2024-02-04,Billing,3
681,440,2024-05-03,2024-05-06,Login,2
682,440,2025-03-04,2025-03-04,Billing,1
683,442,2024-02-24,2024-02-24,Technical,3
684,443,2026-02-09,2026-02-14,Feature Request,2
685,443,2025-07-23,2025-07-23,Cancellation,1
686,444,2024-02-08,2024-02-12,Feature Request,5
687,444,2024-07-16,2024-07-22,Cancellation,5
688,444,2024-03-28,2024-04-01,Technical,4
689,445,2024-04-18,2024-04-24,Cancellation,5
690,445,2024-09-26,2024-09-29,Feature Request,3
691,447,2025-05-22,2025-05-26,Technical,2
692,447,2024-06-21,2024-06-26,Login,1
693,448,2025-08-08,2025-08-10,Feature Request,4
694,449,2024-07-20,2024-07-24,Technical,5
695,449,2024-07-13,2024-07-15,Technical,4
696,450,2024-04-25,2024-04-29,Billing,3
697,450,2025-04-22,2025-04-28,Feature Request,5
698,451,2024-04-11,2024-04-15,Technical,5
699,452,2025-06-14,2025-06-17,Login,5
700,452,2025-10-22,2025-10-24,Login,4
701,452,2025-04-25,2025-04-30,Feature Request,5
702,453,2025-12-19,2025-12-20,Login,4
703,453,2026-01-15,2026-01-21,Cancellation,5
704,453,2025-01-27,2025-01-31,Billing,5
705,454,2026-01-26,2026-01-31,Feature Request,5
706,454,2025-03-22,2025-03-24,Billing,2
707,455,2024-08-11,2024-08-16,Login,3
708,455,2025-05-02,2025-05-06,Cancellation,4
709,455,2025-06-17,2025-06-17,Billing,1
710,456,2024-04-29,2024-05-04,Login,1
711,456,2024-10-18,2024-10-24,Feature Request,2
712,457,2024-05-06,2024-05-11,Technical,1
713,457,2024-05-29,2024-06-04,Cancellation,1
714,458,2024-11-25,2024-11-29,Feature Request,3
715,460,2024-12-20,2024-12-21,Technical,4
716,461,2024-09-07,2024-09-12,Technical,5
717,461,2025-03-28,2025-03-31,Feature Request,1
718,461,2025-12-28,2026-01-02,Billing,4
719,462,2024-05-28,2024-05-30,Login,1
720,462,2024-03-23,2024-03-29,Login,4
721,462,2024-06-20,2024-06-26,Billing,4
722,465,2025-03-23,2025-03-28,Feature Request,1
723,465,2025-10-25,2025-10-29,Technical,5
724,466,2024-09-07,2024-09-08,Feature Request,2
725,467,2025-12-10,2025-12-11,Cancellation,4
726,467,2025-12-04,2025-12-06,Billing,1
727,467,2026-02-08,2026-02-12,Technical,4
728,471,2024-01-24,2024-01-30,Feature Request,2
729,472,2024-07-01,2024-07-01,Technical,4
730,474,2024-10-29,2024-11-03,Login,1
731,474,2025-08-31,2025-09-06,Login,2
732,474,2025-08-05,2025-08-06,Technical,4
733,475,2024-10-12,2024-10-18,Login,1
734,476,2025-07-05,2025-07-08,Cancellation,2
735,476,2024-10-24,2024-10-27,Technical,5
736,477,2026-03-11,2026-03-12,Feature Request,4
737,478,2024-09-20,2024-09-21,Login,5
738,479,2025-01-20,2025-01-26,Login,2
739,479,2024-01-18,2024-01-24,Cancellation,4
740,479,2024-05-14,2024-05-19,Feature Request,4
741,480,2024-08-03,2024-08-07,Billing,5
742,481,2024-05-31,2024-06-04,Billing,1
743,482,2024-08-15,2024-08-20,Billing,4
744,483,2024-01-22,2024-01-26,Billing,2
745,483,2024-10-19,2024-10-19,Technical,4
746,483,2025-12-07,2025-12-13,Feature Request,2
747,485,2024-08-27,2024-08-31,Technical,2
748,487,2024-12-17,2024-12-22,Login,3
749,487,2025-03-28,2025-03-30,Cancellation,1
750,488,2024-09-03,2024-09-09,Cancellation,5
751,489,2024-06-03,2024-06-05,Feature Request,1
752,489,2025-04-12,2025-04-17,Technical,1
753,489,2024-05-25,2024-05-26,Feature Request,2
754,492,2024-04-17,2024-04-18,Feature Request,3
755,493,2024-10-25,2024-10-26,Billing,5
756,493,2025-12-20,2025-12-20,Technical,3
757,494,2025-08-14,2025-08-16,Technical,5
758,495,2025-12-09,2025-12-10,Cancellation,4
759,499,2025-06-24,2025-06-24,Cancellation,5
760,500,2025-10-13,2025-10-16,Cancellation,3
761,502,2025-11-22,2025-11-22,Feature Request,1
762,503,2026-03-11,2026-03-15,Billing,5
763,503,2025-10-30,2025-10-31,Feature Request,3
764,503,2025-07-26,2025-07-31,Feature Request,1
765,505,2024-12-21,2024-12-24,Technical,1
766,505,2024-04-24,2024-04-29,Cancellation,4
767,505,2025-04-28,2025-04-29,Feature Request,4
768,506,2024-08-04,2024-08-06,Feature Request,1
769,507,2025-05-23,2025-05-24,Cancellation,4
770,507,2025-10-17,2025-10-18,Feature Request,5
771,507,2025-02-02,2025-02-06,Feature Request,5
772,509,2024-08-01,2024-08-07,Technical,3
773,509,2024-04-14,2024-04-18,Login,1
774,509,2025-09-20,2025-09-25,Billing,2
775,510,2025-09-11,2025-09-15,Technical,2
776,510,2026-01-07,2026-01-10,Login,5
777,510,2026-01-30,2026-02-01,Cancellation,2
778,511,2025-11-27,2025-12-02,Cancellation,1
779,512,2025-02-19,2025-02-23,Feature Request,1
780,512,2024-08-17,2024-08-19,Feature Request,2
781,512,2025-04-06,2025-04-08,Cancellation,4
782,513,2025-09-28,2025-10-04,Billing,5
783,514,2024-09-05,2024-09-10,Technical,1
784,514,2025-02-10,2025-02-10,Billing,1
785,515,2025-10-03,2025-10-06,Cancellation,1
786,515,2024-04-21,2024-04-21,Billing,1
787,516,2024-01-04,2024-01-04,Login,5
788,516,2026-02-02,2026-02-05,Feature Request,2
789,517,2025-03-04,2025-03-05,Billing,4
790,517,2025-03-03,2025-03-06,Technical,3
791,519,2025-08-10,2025-08-11,Cancellation,3
792,519,2024-03-21,2024-03-23,Technical,4
793,520,2025-08-16,2025-08-19,Technical,3
794,521,2025-04-19,2025-04-21,Cancellation,2
795,521,2025-07-07,2025-07-11,Login,1
796,522,2025-09-21,2025-09-24,Feature Request,3
797,522,2024-11-29,2024-11-29,Login,5
798,523,2025-03-09,2025-03-14,Feature Request,3
799,523,2024-08-04,2024-08-09,Feature Request,1
800,525,2024-07-08,2024-07-13,Login,5
801,526,2025-11-18,2025-11-22,Feature Request,5
802,526,2025-07-25,2025-07-31,Cancellation,5
803,528,2024-05-09,2024-05-12,Cancellation,2
804,528,2024-05-16,2024-05-20,Technical,5
805,528,2025-05-29,2025-05-29,Technical,5
806,529,2024-04-09,2024-04-11,Billing,2
807,530,2024-12-23,2024-12-24,Billing,1
808,531,2026-03-05,2026-03-09,Login,5
809,533,2024-06-14,2024-06-19,Login,4
810,533,2025-12-12,2025-12-16,Login,1
811,534,2025-07-10,2025-07-11,Technical,3
812,534,2024-09-24,2024-09-27,Billing,4
813,534,2025-08-23,2025-08-27,Login,4
814,535,2025-10-27,2025-10-27,Billing,4
815,535,2025-01-27,2025-01-27,Billing,2
816,536,2024-05-04,2024-05-07,Login,5
817,538,2025-10-23,2025-10-24,Feature Request,4
818,538,2025-02-16,2025-02-20,Feature Request,5
819,538,2024-10-01,2024-10-07,Technical,2
820,539,2024-08-21,2024-08-25,Cancellation,3
821,540,2025-02-13,2025-02-13,Feature Request,1
822,540,2025-08-04,2025-08-09,Cancellation,3
823,541,2026-02-01,2026-02-04,Billing,1
824,541,2025-03-27,2025-04-02,Cancellation,1
825,542,2025-10-21,2025-10-26,Billing,3
826,542,2025-01-07,2025-01-08,Billing,4
827,543,2024-12-08,2024-12-14,Login,1
828,543,2026-02-09,2026-02-10,Technical,1
829,544,2024-04-06,2024-04-12,Billing,5
830,545,2025-04-29,2025-05-05,Cancellation,1
831,545,2025-08-20,2025-08-20,Feature Request,3
832,545,2024-04-21,2024-04-21,Feature Request,1
833,546,2025-03-18,2025-03-18,Feature Request,4
834,547,2024-03-13,2024-03-16,Billing,3
835,547,2025-10-18,2025-10-24,Cancellation,4
836,550,2025-07-18,2025-07-24,Cancellation,3
837,550,2024-12-21,2024-12-21,Login,2
838,551,2025-05-08,2025-05-14,Login,2
839,552,2024-06-12,2024-06-16,Login,5
840,552,2024-03-18,2024-03-18,Feature Request,4
841,553,2025-09-03,2025-09-06,Cancellation,2
842,553,2025-06-21,2025-06-26,Technical,2
843,554,2025-09-07,2025-09-09,Cancellation,4
844,554,2025-12-16,2025-12-20,Login,3
845,556,2024-07-30,2024-08-02,Login,3
846,557,2024-08-16,2024-08-18,Login,3
847,558,2026-03-09,2026-03-10,Login,5
848,560,2024-04-24,2024-04-27,Cancellation,5
849,560,2025-01-27,2025-02-01,Cancellation,4
850,560,2025-03-18,2025-03-22,Technical,5
851,561,2024-11-13,2024-11-18,Feature Request,4
852,563,2024-05-19,2024-05-21,Login,4
853,563,2025-03-29,2025-03-31,Technical,1
854,563,2024-04-05,2024-04-07,Feature Request,3
855,564,2025-03-09,2025-03-12,Technical,4
856,566,2025-12-03,2025-12-06,Feature Request,1
857,567,2025-09-22,2025-09-24,Cancellation,5
858,568,2025-04-21,2025-04-26,Feature Request,2
859,568,2024-05-18,2024-05-20,Cancellation,3
860,569,2025-02-03,2025-02-07,Login,5
861,569,2025-07-01,2025-07-07,Cancellation,4
862,569,2024-03-09,2024-03-09,Cancellation,5
863,570,2025-11-21,2025-11-22,Feature Request,2
864,571,2025-09-23,2025-09-27,Billing,4
865,573,2024-10-05,2024-10-08,Cancellation,1
866,573,2025-12-02,2025-12-07,Login,5
867,574,2025-05-22,2025-05-27,Login,1
868,574,2024-09-21,2024-09-26,Cancellation,3
869,574,2025-09-29,2025-10-01,Feature Request,5
870,576,2024-02-09,2024-02-13,Feature Request,4
871,576,2024-11-12,2024-11-12,Cancellation,5
872,578,2025-01-24,2025-01-26,Cancellation,1
873,579,2025-01-05,2025-01-06,Technical,5
874,580,2024-05-18,2024-05-21,Login,4
875,581,2024-07-14,2024-07-19,Cancellation,1
876,581,2025-04-10,2025-04-11,Login,1
877,581,2025-03-17,2025-03-19,Technical,3
878,582,2025-11-04,2025-11-07,Feature Request,1
879,584,2024-09-20,2024-09-24,Technical,5
880,584,2025-10-16,2025-10-21,Cancellation,5
881,584,2024-12-19,2024-12-24,Technical,2
882,585,2025-12-27,2025-12-31,Login,1
883,585,2024-01-12,2024-01-14,Cancellation,3
884,585,2025-05-18,2025-05-18,Feature Request,1
885,586,2024-08-30,2024-09-05,Technical,1
886,586,2025-07-30,2025-08-02,Billing,2
887,586,2024-12-19,2024-12-24,Technical,4
888,587,2025-02-04,2025-02-10,Billing,3
889,588,2025-02-21,2025-02-22,Technical,5
890,588,2025-03-29,2025-03-29,Login,2
891,588,2025-07-16,2025-07-17,Technical,4
892,591,2026-02-10,2026-02-14,Technical,4
893,591,2025-01-17,2025-01-19,Feature Request,1
894,591,2025-05-19,2025-05-25,Login,3
895,593,2025-06-03,2025-06-04,Cancellation,1
896,593,2024-08-09,2024-08-10,Billing,5
897,593,2024-05-18,2024-05-21,Technical,4
898,595,2026-02-12,2026-02-15,Technical,3
899,595,2025-11-25,2025-11-28,Login,5
900,595,2025-10-18,2025-10-24,Technical,3
901,596,2025-07-11,2025-07-16,Feature Request,5
902,596,2024-06-12,2024-06-14,Feature Request,2
903,596,2024-12-23,2024-12-27,Cancellation,1
904,598,2024-12-01,2024-12-07,Cancellation,1
905,598,2025-07-13,2025-07-13,Cancellation,5
906,598,2024-08-07,2024-08-07,Cancellation,4
907,599,2024-02-18,2024-02-20,Cancellation,5
908,599,2025-07-17,2025-07-23,Feature Request,5
909,599,2024-12-12,2024-12-13,Billing,3
910,600,2025-10-22,2025-10-27,Technical,2
911,600,2025-07-04,2025-07-09,Cancellation,3
912,600,2025-01-20,2025-01-26,Login,5
913,601,2024-05-27,2024-05-28,Billing,5
914,602,2024-03-30,2024-04-05,Login,1
915,602,2024-07-10,2024-07-11,Billing,5
916,602,2025-08-02,2025-08-04,Technical,1
917,603,2024-09-20,2024-09-24,Feature Request,4
918,604,2025-10-15,2025-10-20,Technical,5
919,604,2024-08-04,2024-08-07,Login,4
920,605,2024-12-31,2025-01-04,Cancellation,5
921,606,2024-10-07,2024-10-11,Login,1
922,606,2025-02-23,2025-02-26,Billing,5
923,607,2025-05-30,2025-06-04,Technical,2
924,610,2026-01-01,2026-01-04,Cancellation,4
925,610,2025-04-07,2025-04-09,Technical,5
926,610,2024-09-06,2024-09-08,Feature Request,4
927,611,2025-06-14,2025-06-18,Login,2
928,612,2024-07-04,2024-07-07,Feature Request,1
929,613,2025-05-26,2025-05-29,Technical,4
930,613,2024-02-03,2024-02-07,Technical,3
931,613,2025-08-15,2025-08-21,Cancellation,5
932,615,2025-03-24,2025-03-24,Technical,2
933,615,2025-03-18,2025-03-22,Billing,1
934,615,2026-01-07,2026-01-12,Feature Request,3
935,616,2025-01-31,2025-02-05,Technical,2
936,619,2024-11-02,2024-11-05,Technical,1
937,619,2024-03-15,2024-03-17,Billing,5
938,620,2025-10-17,2025-10-18,Feature Request,5
939,621,2024-07-12,2024-07-12,Cancellation,5
940,621,2026-01-17,2026-01-17,Cancellation,5
941,621,2025-08-10,2025-08-11,Cancellation,4
942,624,2025-12-17,2025-12-21,Technical,1
943,624,2024-01-07,2024-01-08,Billing,2
944,625,2025-10-08,2025-10-14,Billing,2
945,625,2025-11-14,2025-11-19,Billing,5
946,626,2024-03-12,2024-03-13,Login,3
947,626,2024-06-07,2024-06-07,Login,1
948,626,2026-01-07,2026-01-13,Technical,3
949,627,2026-01-21,2026-01-26,Feature Request,5
950,627,2024-08-17,2024-08-17,Login,5
951,629,2024-11-23,2024-11-26,Feature Request,2
952,629,2024-07-12,2024-07-16,Billing,1
953,629,2025-03-02,2025-03-07,Login,3
954,630,2025-01-05,2025-01-08,Technical,2
955,630,2025-11-30,2025-12-02,Cancellation,3
956,632,2024-08-19,2024-08-22,Feature Request,1
957,632,2024-12-01,2024-12-04,Billing,5
958,633,2024-09-24,2024-09-29,Login,1
959,633,2025-06-17,2025-06-23,Technical,3
960,635,2025-12-21,2025-12-24,Login,2
961,635,2025-03-23,2025-03-24,Login,2
962,635,2024-07-09,2024-07-10,Feature Request,3
963,636,2024-04-19,2024-04-23,Cancellation,3
964,636,2025-03-02,2025-03-02,Technical,4
965,636,2024-05-23,2024-05-26,Technical,3
966,638,2025-02-07,2025-02-12,Feature Request,4
967,638,2025-10-31,2025-11-02,Billing,1
968,638,2024-04-11,2024-04-16,Cancellation,5
969,639,2025-11-15,2025-11-21,Feature Request,4
970,639,2025-08-22,2025-08-26,Technical,3
971,639,2024-12-18,2024-12-22,Billing,4
972,640,2024-03-30,2024-03-31,Billing,3
973,640,2025-07-17,2025-07-19,Feature Request,4
974,640,2025-01-02,2025-01-07,Billing,2
975,641,2025-01-25,2025-01-26,Cancellation,2
976,641,2026-02-18,2026-02-21,Login,1
977,643,2025-10-14,2025-10-20,Login,5
978,645,2025-10-08,2025-10-14,Feature Request,2
979,645,2024-04-15,2024-04-15,Cancellation,3
980,646,2025-01-23,2025-01-23,Feature Request,5
981,649,2024-11-18,2024-11-18,Login,4
982,649,2025-04-09,2025-04-11,Technical,2
983,649,2024-03-16,2024-03-19,Billing,5
984,650,2025-02-23,2025-02-26,Cancellation,4
985,650,2025-05-27,2025-05-27,Login,5
986,650,2024-07-23,2024-07-23,Feature Request,1
987,651,2025-12-07,2025-12-12,Login,4
988,652,2024-05-08,2024-05-14,Technical,4
989,652,2024-08-04,2024-08-07,Login,1
990,654,2024-11-20,2024-11-22,Feature Request,5
991,655,2025-04-13,2025-04-14,Technical,4
992,655,2025-07-17,2025-07-20,Billing,5
993,656,2025-11-21,2025-11-21,Feature Request,3
994,656,2025-01-24,2025-01-25,Login,2
995,658,2025-02-06,2025-02-12,Billing,4
996,659,2025-02-20,2025-02-20,Feature Request,5
997,659,2025-04-18,2025-04-23,Billing,4
998,660,2026-02-22,2026-02-24,Login,1
999,660,2024-05-06,2024-05-08,Billing,4
1000,660,2024-09-18,2024-09-23,Login,5
1001,662,2025-08-23,2025-08-28,Feature Request,2
1002,663,2026-02-27,2026-02-28,Login,2
1003,665,2025-09-13,2025-09-16,Login,5
1004,668,2026-02-19,2026-02-21,Technical,4
1005,670,2025-05-16,2025-05-17,Feature Request,5
1006,670,2025-01-31,2025-02-03,Billing,3
1007,670,2025-09-30,2025-10-03,Technical,3
1008,671,2025-02-01,2025-02-04,Technical,1
1009,671,2025-10-01,2025-10-07,Feature Request,2
1010,671,2024-11-04,2024-11-08,Billing,5
1011,672,2024-08-25,2024-08-29,Login,2
1012,672,2025-03-29,2025-04-03,Billing,3
1013,673,2024-08-12,2024-08-12,Technical,5
1014,673,2024-08-05,2024-08-11,Billing,4
1015,675,2025-03-15,2025-03-21,Billing,4
1016,675,2024-12-24,2024-12-24,Login,1
1017,676,2025-05-14,2025-05-14,Technical,2
1018,677,2024-10-30,2024-11-04,Login,5
1019,679,2025-01-20,2025-01-20,Technical,3
1020,680,2024-10-01,2024-10-03,Feature Request,3
1021,680,2025-10-22,2025-10-25,Technical,4
1022,680,2025-08-06,2025-08-12,Billing,3
1023,682,2025-05-23,2025-05-25,Cancellation,5
1024,683,2025-05-15,2025-05-18,Login,3
1025,684,2025-04-07,2025-04-11,Technical,2
1026,684,2025-04-20,2025-04-25,Billing,1
1027,685,2024-09-18,2024-09-23,Feature Request,4
1028,686,2025-09-18,2025-09-20,Login,4
1029,686,2025-10-07,2025-10-10,Technical,2
1030,687,2024-05-02,2024-05-07,Login,1
1031,687,2024-07-24,2024-07-26,Feature Request,1
1032,687,2024-02-01,2024-02-05,Billing,4
1033,688,2024-11-16,2024-11-16,Billing,5
1034,688,2025-04-23,2025-04-23,Feature Request,2
1035,688,2025-02-08,2025-02-08,Cancellation,2
1036,689,2024-10-21,2024-10-22,Billing,5
1037,690,2025-08-17,2025-08-19,Technical,3
1038,690,2025-12-19,2025-12-24,Cancellation,5
1039,690,2024-11-18,2024-11-20,Technical,3
1040,691,2024-05-16,2024-05-18,Feature Request,3
1041,691,2024-12-20,2024-12-26,Login,2
1042,691,2025-10-04,2025-10-08,Login,4
1043,692,2025-11-07,2025-11-07,Cancellation,1
1044,693,2025-09-18,2025-09-19,Feature Request,2
1045,694,2025-01-10,2025-01-15,Login,5
1046,695,2025-06-30,2025-07-03,Billing,3
1047,695,2025-01-23,2025-01-26,Billing,1
1048,695,2024-03-28,2024-03-31,Cancellation,3
1049,696,2024-12-28,2024-12-28,Cancellation,1
1050,696,2024-01-30,2024-01-31,Cancellation,3
1051,696,2025-01-13,2025-01-17,Login,1
1052,699,2025-02-13,2025-02-18,Cancellation,1
1053,699,2025-03-09,2025-03-15,Feature Request,4
1054,699,2025-11-05,2025-11-11,Billing,2
1055,700,2025-03-22,2025-03-22,Login,1
1056,701,2026-01-20,2026-01-25,Login,2
1057,701,2024-02-05,2024-02-05,Technical,4
1058,702,2025-05-20,2025-05-24,Technical,2
1059,703,2025-08-22,2025-08-27,Billing,1
1060,703,2025-09-09,2025-09-14,Feature Request,5
1061,703,2025-11-09,2025-11-13,Technical,4
1062,706,2024-07-21,2024-07-26,Login,1
1063,706,2024-04-22,2024-04-25,Billing,3
1064,706,2025-03-05,2025-03-09,Billing,1
1065,707,2025-05-08,2025-05-09,Cancellation,1
1066,707,2024-07-22,2024-07-24,Billing,4
1067,709,2024-12-04,2024-12-08,Billing,4
1068,710,2024-03-01,2024-03-02,Billing,1
1069,710,2025-11-07,2025-11-12,Cancellation,3
1070,710,2025-11-07,2025-11-09,Billing,1
1071,711,2025-06-25,2025-06-29,Billing,1
1072,711,2025-10-30,2025-11-01,Login,2
1073,711,2025-09-12,2025-09-18,Technical,3
1074,712,2024-05-14,2024-05-16,Cancellation,3
1075,713,2025-10-23,2025-10-24,Login,3
1076,714,2025-12-03,2025-12-09,Technical,2
1077,716,2025-11-24,2025-11-26,Billing,2
1078,717,2024-12-04,2024-12-08,Technical,2
1079,719,2025-02-13,2025-02-18,Technical,1
1080,720,2024-05-23,2024-05-26,Login,4
1081,722,2025-10-26,2025-10-31,Cancellation,4
1082,722,2024-11-01,2024-11-04,Billing,2
1083,726,2025-10-17,2025-10-22,Billing,5
1084,726,2026-01-15,2026-01-21,Feature Request,5
1085,726,2025-03-05,2025-03-11,Feature Request,4
1086,727,2024-12-13,2024-12-14,Cancellation,2
1087,727,2025-10-15,2025-10-20,Technical,2
1088,728,2025-11-25,2025-12-01,Login,4
1089,728,2024-10-31,2024-11-01,Billing,4
1090,732,2024-07-21,2024-07-26,Billing,4
1091,733,2025-02-05,2025-02-06,Cancellation,4
1092,735,2024-01-23,2024-01-25,Technical,1
1093,735,2024-09-06,2024-09-11,Billing,3
1094,735,2024-04-25,2024-04-28,Feature Request,2
1095,736,2024-12-28,2025-01-02,Technical,4
1096,736,2025-02-26,2025-03-04,Cancellation,2
1097,737,2024-01-14,2024-01-15,Technical,3
1098,738,2024-01-04,2024-01-05,Technical,4
1099,738,2024-07-10,2024-07-11,Login,4
1100,738,2025-09-15,2025-09-16,Technical,4
1101,739,2024-01-27,2024-01-28,Login,2
1102,739,2024-11-05,2024-11-10,Billing,1
1103,739,2025-08-24,2025-08-29,Cancellation,4
1104,743,2025-08-05,2025-08-06,Cancellation,5
1105,745,2024-12-26,2024-12-29,Login,4
1106,745,2025-08-04,2025-08-06,Cancellation,4
1107,745,2026-01-28,2026-01-30,Login,5
1108,747,2024-03-06,2024-03-07,Technical,1
1109,747,2024-06-13,2024-06-17,Login,2
1110,747,2024-10-25,2024-10-27,Technical,2
1111,749,2025-07-11,2025-07-13,Technical,2
1112,750,2024-04-05,2024-04-11,Technical,2
1113,754,2026-01-19,2026-01-20,Cancellation,5
1114,754,2025-01-19,2025-01-19,Billing,2
1115,755,2025-09-02,2025-09-03,Login,1
1116,756,2025-05-30,2025-06-02,Billing,2
1117,756,2024-06-22,2024-06-22,Cancellation,4
1118,757,2024-02-21,2024-02-21,Cancellation,2
1119,758,2025-02-06,2025-02-10,Billing,2
1120,758,2025-06-07,2025-06-10,Feature Request,1
1121,759,2024-08-16,2024-08-22,Cancellation,1
1122,760,2025-06-23,2025-06-26,Cancellation,3
1123,761,2025-05-20,2025-05-26,Billing,2
1124,762,2024-08-21,2024-08-23,Feature Request,5
1125,762,2024-05-15,2024-05-18,Technical,4
1126,765,2025-01-26,2025-02-01,Technical,2
1127,765,2024-11-29,2024-11-30,Technical,4
1128,765,2025-09-13,2025-09-16,Feature Request,4
1129,766,2025-07-16,2025-07-20,Technical,1
1130,766,2025-08-15,2025-08-15,Technical,3
1131,768,2025-05-25,2025-05-27,Login,4
1132,769,2024-03-05,2024-03-11,Technical,3
1133,769,2024-03-12,2024-03-18,Billing,3
1134,771,2025-08-26,2025-08-30,Feature Request,5
1135,772,2024-06-14,2024-06-18,Technical,3
1136,772,2025-12-28,2026-01-03,Feature Request,2
1137,774,2026-02-09,2026-02-10,Cancellation,5
1138,774,2024-01-13,2024-01-19,Login,5
1139,775,2025-02-25,2025-03-02,Login,2
1140,775,2024-01-09,2024-01-10,Cancellation,5
1141,776,2024-03-11,2024-03-12,Billing,1
1142,777,2025-10-19,2025-10-19,Cancellation,4
1143,777,2025-07-21,2025-07-27,Billing,3
1144,778,2024-12-26,2024-12-30,Cancellation,4
1145,778,2025-07-07,2025-07-10,Technical,1
1146,779,2024-05-03,2024-05-07,Billing,4
1147,780,2025-09-20,2025-09-22,Login,1
1148,781,2024-06-17,2024-06-23,Cancellation,2
1149,781,2025-09-24,2025-09-26,Technical,1
1150,783,2025-08-12,2025-08-16,Feature Request,1
1151,783,2025-07-19,2025-07-19,Cancellation,2
1152,783,2025-10-04,2025-10-07,Feature Request,2
1153,784,2024-05-26,2024-05-28,Feature Request,3
1154,785,2025-03-15,2025-03-17,Feature Request,3
1155,787,2025-11-12,2025-11-15,Technical,4
1156,787,2024-08-22,2024-08-24,Billing,3
1157,788,2024-05-15,2024-05-18,Login,3
1158,788,2024-10-30,2024-11-02,Technical,5
1159,788,2025-04-23,2025-04-23,Login,3
1160,789,2024-10-11,2024-10-14,Feature Request,1
1161,789,2024-08-17,2024-08-19,Feature Request,2
1162,791,2025-12-24,2025-12-28,Cancellation,3
1163,791,2025-05-25,2025-05-30,Feature Request,1
1164,791,2026-01-10,2026-01-15,Cancellation,4
1165,794,2025-01-29,2025-01-29,Login,2
1166,795,2025-10-15,2025-10-15,Feature Request,1
1167,795,2026-02-13,2026-02-13,Billing,1
1168,795,2025-03-15,2025-03-17,Billing,5
1169,796,2026-03-06,2026-03-07,Cancellation,2
1170,797,2025-07-30,2025-08-03,Billing,5
1171,797,2024-03-04,2024-03-10,Login,5
1172,797,2024-04-11,2024-04-13,Cancellation,5
1173,798,2025-01-31,2025-02-05,Cancellation,3
1174,798,2024-03-16,2024-03-21,Technical,1
1175,799,2026-01-03,2026-01-04,Login,2
1176,799,2025-02-25,2025-02-25,Login,4
1177,801,2025-07-23,2025-07-24,Feature Request,1
1178,802,2026-01-29,2026-02-04,Cancellation,5
1179,803,2025-12-05,2025-12-05,Feature Request,5
1180,804,2025-03-30,2025-04-03,Technical,2
1181,804,2025-11-06,2025-11-10,Feature Request,4
1182,804,2024-11-26,2024-11-29,Feature Request,4
1183,805,2025-08-21,2025-08-23,Feature Request,5
1184,805,2024-08-17,2024-08-20,Feature Request,5
1185,806,2024-12-08,2024-12-12,Billing,4
1186,806,2024-03-23,2024-03-29,Login,5
1187,807,2025-12-12,2025-12-13,Login,3
1188,807,2024-04-26,2024-04-30,Billing,4
1189,807,2025-03-19,2025-03-20,Feature Request,2
1190,808,2024-09-24,2024-09-27,Feature Request,2
1191,808,2026-02-24,2026-03-02,Technical,4
1192,808,2024-06-17,2024-06-23,Login,4
1193,810,2025-03-02,2025-03-02,Login,3
1194,811,2025-02-12,2025-02-14,Feature Request,1
1195,812,2024-05-16,2024-05-16,Login,2
1196,812,2024-06-07,2024-06-13,Feature Request,1
1197,812,2024-11-10,2024-11-15,Cancellation,5
1198,813,2024-07-04,2024-07-09,Billing,3
1199,813,2025-10-18,2025-10-19,Cancellation,2
1200,813,2024-12-17,2024-12-21,Technical,1
1201,814,2025-11-24,2025-11-30,Cancellation,1
1202,816,2024-06-22,2024-06-22,Login,3
1203,816,2024-05-31,2024-06-02,Cancellation,3
1204,818,2024-08-12,2024-08-14,Login,2
1205,818,2024-05-31,2024-06-02,Billing,1
1206,819,2025-11-19,2025-11-23,Technical,5
1207,819,2024-02-06,2024-02-08,Billing,1
1208,819,2024-07-16,2024-07-18,Cancellation,1
1209,820,2026-02-08,2026-02-12,Login,2
1210,820,2024-07-11,2024-07-13,Cancellation,5
1211,821,2025-06-13,2025-06-14,Technical,3
1212,822,2024-03-03,2024-03-06,Feature Request,1
1213,822,2025-05-08,2025-05-13,Cancellation,1
1214,822,2025-09-06,2025-09-12,Feature Request,4
1215,823,2024-05-26,2024-05-27,Login,4
1216,823,2024-04-19,2024-04-22,Technical,1
1217,824,2024-11-15,2024-11-16,Technical,2
1218,825,2024-03-12,2024-03-15,Login,4
1219,825,2026-01-01,2026-01-07,Billing,2
1220,827,2024-03-01,2024-03-01,Technical,3
1221,827,2024-10-21,2024-10-23,Feature Request,5
1222,827,2024-01-14,2024-01-18,Billing,1
1223,828,2026-02-09,2026-02-12,Feature Request,1
1224,829,2024-02-08,2024-02-12,Cancellation,5
1225,831,2025-03-31,2025-04-06,Login,1
1226,832,2024-07-20,2024-07-20,Technical,3
1227,832,2024-04-29,2024-04-29,Login,5
1228,833,2024-05-05,2024-05-08,Feature Request,5
1229,833,2026-01-08,2026-01-09,Feature Request,3
1230,833,2025-12-12,2025-12-18,Cancellation,1
1231,834,2024-09-03,2024-09-06,Login,5
1232,834,2025-02-12,2025-02-14,Cancellation,4
1233,834,2025-10-24,2025-10-24,Cancellation,3
1234,835,2025-08-11,2025-08-14,Feature Request,1
1235,835,2024-06-12,2024-06-16,Technical,3
1236,835,2025-01-30,2025-02-05,Cancellation,4
1237,836,2025-07-26,2025-07-31,Login,1
1238,837,2024-03-19,2024-03-25,Technical,1
1239,837,2025-12-25,2025-12-28,Cancellation,2
1240,837,2026-02-27,2026-03-01,Billing,2
1241,838,2024-09-06,2024-09-06,Technical,1
1242,839,2026-02-02,2026-02-02,Cancellation,4
1243,839,2024-11-23,2024-11-25,Login,4
1244,839,2024-07-28,2024-08-03,Login,5
1245,841,2025-08-15,2025-08-18,Billing,5
1246,841,2024-01-19,2024-01-20,Technical,1
1247,842,2025-05-01,2025-05-05,Billing,5
1248,843,2024-03-13,2024-03-17,Billing,3
1249,843,2024-06-13,2024-06-17,Feature Request,4
1250,843,2025-03-25,2025-03-25,Cancellation,4
1251,844,2024-01-07,2024-01-11,Billing,2
1252,844,2025-12-19,2025-12-25,Feature Request,3
1253,845,2025-03-11,2025-03-17,Cancellation,1
1254,845,2024-01-13,2024-01-16,Technical,5
1255,845,2025-02-05,2025-02-05,Cancellation,1
1256,846,2024-06-07,2024-06-11,Technical,4
1257,846,2024-12-21,2024-12-24,Billing,3
1258,847,2024-04-19,2024-04-22,Cancellation,3
1259,847,2024-10-31,2024-11-02,Technical,1
1260,848,2024-11-19,2024-11-23,Technical,2
1261,849,2024-12-17,2024-12-18,Technical,4
1262,849,2025-04-15,2025-04-16,Login,2
1263,851,2026-02-21,2026-02-21,Feature Request,4
1264,851,2025-09-24,2025-09-28,Login,5
1265,851,2024-02-15,2024-02-17,Login,2
1266,855,2024-08-08,2024-08-08,Cancellation,1
1267,855,2025-09-02,2025-09-07,Billing,3
1268,855,2025-04-17,2025-04-23,Billing,4
1269,856,2024-01-05,2024-01-10,Login,3
1270,856,2025-03-15,2025-03-19,Billing,4
1271,857,2025-09-02,2025-09-02,Technical,4
1272,857,2024-08-18,2024-08-22,Billing,2
1273,857,2024-02-28,2024-03-03,Billing,2
1274,861,2025-09-09,2025-09-14,Login,5
1275,861,2024-05-21,2024-05-21,Login,4
1276,862,2024-01-24,2024-01-28,Login,5
1277,862,2024-10-13,2024-10-16,Technical,5
1278,863,2025-11-18,2025-11-21,Feature Request,3
1279,865,2025-10-11,2025-10-11,Login,1
1280,865,2025-03-13,2025-03-13,Technical,2
1281,865,2025-06-16,2025-06-21,Technical,2
1282,866,2025-07-19,2025-07-24,Technical,2
1283,867,2025-01-17,2025-01-18,Cancellation,4
1284,868,2025-11-26,2025-11-29,Feature Request,2
1285,868,2025-12-09,2025-12-09,Login,3
1286,869,2026-02-11,2026-02-16,Billing,3
1287,871,2024-06-04,2024-06-04,Login,4
1288,871,2025-02-15,2025-02-17,Feature Request,4
1289,871,2025-02-19,2025-02-22,Login,4
1290,872,2024-05-05,2024-05-06,Login,1
1291,872,2025-10-03,2025-10-05,Technical,5
1292,872,2025-09-09,2025-09-12,Billing,2
1293,874,2025-12-21,2025-12-24,Technical,2
1294,874,2025-09-24,2025-09-26,Login,4
1295,874,2025-07-30,2025-08-03,Cancellation,4
1296,875,2024-11-13,2024-11-17,Technical,5
1297,875,2025-02-14,2025-02-17,Feature Request,1
1298,875,2026-02-06,2026-02-06,Feature Request,5
1299,876,2024-01-09,2024-01-09,Login,2
1300,876,2024-03-19,2024-03-25,Billing,3
1301,877,2024-07-28,2024-08-01,Billing,5
1302,877,2024-03-31,2024-04-02,Billing,2
1303,878,2024-01-07,2024-01-07,Login,3
1304,878,2024-08-03,2024-08-05,Cancellation,2
1305,879,2025-10-30,2025-11-03,Technical,3
1306,879,2024-12-04,2024-12-06,Billing,4
1307,880,2024-03-05,2024-03-10,Login,4
1308,880,2024-11-04,2024-11-05,Feature Request,4
1309,883,2024-07-10,2024-07-16,Feature Request,3
1310,885,2025-09-02,2025-09-04,Cancellation,2
1311,885,2024-06-02,2024-06-04,Login,4
1312,885,2024-07-13,2024-07-19,Billing,4
1313,886,2026-02-17,2026-02-22,Cancellation,2
1314,886,2025-08-09,2025-08-13,Cancellation,1
1315,889,2025-08-10,2025-08-16,Login,3
1316,891,2024-08-29,2024-09-03,Cancellation,2
1317,891,2024-11-10,2024-11-16,Feature Request,3
1318,892,2024-08-27,2024-08-29,Cancellation,2
1319,892,2025-08-28,2025-08-30,Technical,1
1320,893,2025-07-24,2025-07-27,Cancellation,5
1321,894,2025-08-21,2025-08-27,Login,2
1322,895,2024-04-15,2024-04-15,Technical,4
1323,896,2025-07-19,2025-07-25,Technical,3
1324,896,2024-04-10,2024-04-15,Billing,1
1325,896,2025-12-21,2025-12-24,Cancellation,2
1326,899,2024-07-06,2024-07-11,Feature Request,3
1327,901,2024-10-20,2024-10-26,Cancellation,1
1328,901,2025-06-05,2025-06-06,Cancellation,2
1329,902,2024-01-19,2024-01-20,Login,3
1330,903,2025-05-31,2025-06-04,Cancellation,5
1331,903,2024-11-29,2024-12-02,Login,2
1332,904,2025-09-12,2025-09-15,Technical,3
1333,905,2024-01-08,2024-01-12,Cancellation,3
1334,905,2024-02-15,2024-02-16,Technical,4
1335,905,2026-02-18,2026-02-24,Login,3
1336,907,2026-02-16,2026-02-21,Cancellation,2
1337,907,2024-08-10,2024-08-16,Cancellation,5
1338,908,2025-02-21,2025-02-25,Feature Request,1
1339,908,2024-06-14,2024-06-14,Billing,4
1340,909,2025-03-21,2025-03-26,Login,4
1341,910,2025-04-30,2025-05-01,Technical,4
1342,913,2025-10-29,2025-10-30,Feature Request,4
1343,913,2024-07-24,2024-07-27,Login,3
1344,916,2024-10-08,2024-10-12,Login,4
1345,916,2025-08-16,2025-08-22,Cancellation,1
1346,917,2025-08-11,2025-08-11,Cancellation,5
1347,918,2024-02-21,2024-02-25,Billing,1
1348,918,2024-06-20,2024-06-22,Login,3
1349,919,2025-06-06,2025-06-07,Feature Request,3
1350,919,2024-07-22,2024-07-22,Billing,2
1351,919,2024-07-02,2024-07-03,Technical,1
1352,920,2026-02-16,2026-02-22,Cancellation,2
1353,920,2024-11-04,2024-11-04,Technical,3
1354,920,2024-07-24,2024-07-29,Billing,3
1355,922,2024-10-11,2024-10-17,Login,4
1356,922,2026-01-21,2026-01-23,Feature Request,1
1357,922,2024-02-02,2024-02-06,Technical,2
1358,923,2024-03-11,2024-03-15,Feature Request,5
1359,923,2024-12-27,2024-12-31,Billing,3
1360,923,2024-01-22,2024-01-23,Cancellation,1
1361,924,2024-11-26,2024-11-28,Billing,5
1362,924,2025-07-31,2025-08-06,Technical,2
1363,924,2024-06-19,2024-06-25,Feature Request,1
1364,926,2024-06-23,2024-06-28,Billing,3
1365,926,2024-03-22,2024-03-26,Feature Request,1
1366,927,2025-09-08,2025-09-12,Login,4
1367,927,2024-11-17,2024-11-17,Feature Request,3
1368,927,2025-10-17,2025-10-22,Billing,1
1369,928,2024-07-06,2024-07-07,Billing,3
1370,928,2024-03-18,2024-03-21,Cancellation,4
1371,928,2025-09-17,2025-09-17,Cancellation,4
1372,930,2024-07-22,2024-07-28,Technical,5
1373,931,2024-01-18,2024-01-23,Cancellation,3
1374,931,2025-05-11,2025-05-11,Billing,4
1375,931,2025-03-05,2025-03-08,Cancellation,1
1376,932,2025-09-23,2025-09-26,Technical,3
1377,932,2025-04-28,2025-04-29,Login,5
1378,932,2024-09-09,2024-09-09,Technical,1
1379,933,2025-08-29,2025-09-02,Technical,2
1380,933,2024-03-28,2024-04-01,Login,5
1381,934,2024-01-09,2024-01-09,Technical,4
1382,934,2025-11-30,2025-12-02,Cancellation,3
1383,934,2024-12-18,2024-12-18,Login,4
1384,935,2024-03-25,2024-03-26,Billing,4
1385,935,2024-09-06,2024-09-08,Login,1
1386,935,2025-11-16,2025-11-18,Feature Request,5
1387,936,2024-08-18,2024-08-18,Billing,3
1388,936,2024-05-22,2024-05-27,Cancellation,4
1389,937,2025-07-30,2025-07-31,Billing,5
1390,939,2024-12-26,2024-12-28,Login,3
1391,939,2024-10-14,2024-10-18,Feature Request,1
1392,939,2024-05-17,2024-05-17,Cancellation,5
1393,940,2026-01-25,2026-01-31,Login,4
1394,941,2025-05-27,2025-06-01,Billing,4
1395,941,2025-04-04,2025-04-05,Billing,3
1396,942,2024-07-13,2024-07-18,Billing,2
1397,943,2024-02-21,2024-02-27,Login,4
1398,944,2024-05-25,2024-05-25,Technical,3
1399,945,2024-12-10,2024-12-16,Login,2
1400,945,2024-04-24,2024-04-25,Login,3
1401,946,2025-06-10,2025-06-12,Cancellation,4
1402,946,2024-06-02,2024-06-08,Technical,2
1403,946,2025-01-21,2025-01-24,Billing,1
1404,947,2025-07-17,2025-07-18,Billing,1
1405,948,2024-06-26,2024-06-26,Billing,3
1406,948,2025-11-19,2025-11-20,Cancellation,3
1407,948,2024-03-08,2024-03-09,Login,1
1408,949,2024-06-25,2024-06-29,Technical,3
1409,949,2025-11-12,2025-11-15,Login,3
1410,949,2025-05-25,2025-05-31,Billing,4
1411,950,2024-01-21,2024-01-22,Cancellation,3
1412,950,2025-01-21,2025-01-22,Cancellation,1
1413,950,2025-01-02,2025-01-04,Feature Request,2
1414,951,2024-06-05,2024-06-11,Feature Request,1
1415,951,2025-08-06,2025-08-06,Cancellation,5
1416,952,2024-12-29,2025-01-04,Cancellation,5
1417,952,2024-04-27,2024-05-02,Billing,5
1418,952,2024-09-13,2024-09-15,Login,3
1419,954,2024-11-25,2024-11-27,Login,4
1420,954,2026-01-30,2026-02-05,Login,2
1421,954,2024-05-30,2024-06-01,Login,1
1422,955,2025-03-13,2025-03-16,Billing,1
1423,955,2025-06-24,2025-06-30,Billing,4
1424,955,2024-01-14,2024-01-17,Login,3
1425,958,2024-04-03,2024-04-07,Technical,1
1426,958,2024-02-03,2024-02-04,Cancellation,1
1427,958,2025-01-13,2025-01-16,Feature Request,4
1428,959,2024-07-09,2024-07-09,Technical,4
1429,959,2025-01-11,2025-01-15,Cancellation,2
1430,960,2024-11-04,2024-11-10,Billing,3
1431,960,2025-04-06,2025-04-09,Cancellation,3
1432,961,2025-06-24,2025-06-28,Billing,5
1433,961,2024-11-20,2024-11-26,Login,3
1434,961,2024-09-03,2024-09-07,Login,5
1435,962,2025-05-17,2025-05-19,Cancellation,1
1436,962,2024-05-16,2024-05-18,Billing,5
1437,962,2025-05-24,2025-05-29,Technical,3
1438,963,2024-04-26,2024-04-27,Technical,1
1439,964,2026-01-31,2026-02-01,Billing,4
1440,964,2024-01-12,2024-01-12,Cancellation,3
1441,964,2024-07-10,2024-07-11,Technical,2
1442,965,2026-02-18,2026-02-22,Cancellation,1
1443,966,2025-10-14,2025-10-14,Billing,3
1444,967,2025-08-25,2025-08-26,Cancellation,5
1445,967,2024-08-12,2024-08-16,Technical,3
1446,967,2024-01-16,2024-01-19,Login,1
1447,968,2025-02-24,2025-02-27,Login,1
1448,968,2024-01-27,2024-01-28,Billing,3
1449,969,2025-09-03,2025-09-03,Technical,2
1450,969,2024-08-26,2024-08-26,Login,2
1451,970,2025-01-25,2025-01-30,Cancellation,1
1452,971,2024-05-31,2024-06-05,Feature Request,1
1453,971,2024-07-25,2024-07-25,Cancellation,1
1454,971,2025-11-19,2025-11-25,Feature Request,4
1455,972,2025-12-01,2025-12-02,Login,2
1456,972,2025-03-13,2025-03-15,Technical,5
1457,972,2025-02-18,2025-02-19,Billing,1
1458,973,2024-03-20,2024-03-24,Technical,1
1459,973,2024-02-05,2024-02-11,Login,2
1460,973,2025-03-24,2025-03-30,Cancellation,5
1461,974,2025-02-11,2025-02-12,Billing,3
1462,975,2024-10-28,2024-11-03,Cancellation,4
1463,975,2025-01-16,2025-01-16,Feature Request,3
1464,976,2024-06-09,2024-06-10,Login,5
1465,979,2025-06-03,2025-06-08,Login,1
1466,982,2025-04-26,2025-05-01,Billing,1
1467,982,2025-08-12,2025-08-18,Technical,5
1468,982,2025-05-14,2025-05-17,Feature Request,1
1469,983,2025-02-18,2025-02-21,Cancellation,5
1470,983,2025-10-10,2025-10-14,Feature Request,4
1471,984,2024-05-05,2024-05-06,Feature Request,1
1472,984,2025-05-16,2025-05-21,Cancellation,3
1473,984,2024-11-14,2024-11-14,Feature Request,3
1474,985,2025-04-05,2025-04-07,Feature Request,2
1475,985,2024-12-09,2024-12-15,Login,5
1476,986,2024-10-27,2024-10-31,Technical,1
1477,987,2025-07-05,2025-07-11,Login,1
1478,990,2025-09-22,2025-09-27,Cancellation,3
1479,991,2025-11-14,2025-11-16,Feature Request,3
1480,991,2024-07-12,2024-07-14,Feature Request,2
1481,992,2024-02-05,2024-02-11,Billing,4
1482,992,2025-12-15,2025-12-20,Login,3
1483,994,2024-04-20,2024-04-20,Feature Request,3
1484,995,2024-05-26,2024-05-29,Billing,3
1485,995,2026-01-15,2026-01-17,Feature Request,3
1486,996,2024-11-24,2024-11-26,Billing,2
1487,996,2025-10-10,2025-10-11,Billing,5
1488,997,2025-06-24,2025-06-30,Feature Request,2
1489,998,2024-04-11,2024-04-12,Cancellation,5
1490,998,2025-04-06,2025-04-07,Login,5
1491,999,2025-02-19,2025-02-25,Technical,2
1492,1000,2024-02-03,2024-02-08,Login,1
1493,1000,2024-12-23,2024-12-23,Technical,1
1494,1000,2025-11-30,2025-12-04,Technical,1
1495,1001,2024-06-08,2024-06-11,Billing,4
1496,1002,2025-07-20,2025-07-22,Cancellation,2
1497,1002,2025-12-15,2025-12-15,Login,1
1498,1003,2025-12-10,2025-12-12,Technical,2
1499,1003,2024-09-01,2024-09-01,Cancellation,5
1500,1003,2025-06-03,2025-06-04,Technical,1
1501,1004,2025-09-30,2025-10-03,Feature Request,3
1502,1006,2024-10-25,2024-10-25,Feature Request,5
1503,1009,2025-07-01,2025-07-03,Technical,3
1504,1009,2025-02-15,2025-02-16,Cancellation,4
1505,1011,2024-07-13,2024-07-13,Login,4
1506,1011,2026-02-24,2026-02-26,Login,2
1507,1011,2025-05-05,2025-05-08,Technical,3
1508,1012,2025-11-01,2025-11-07,Login,4
1509,1012,2024-11-20,2024-11-20,Technical,5
1510,1013,2024-03-08,2024-03-11,Login,3
1511,1013,2025-02-12,2025-02-18,Technical,5
1512,1013,2025-04-06,2025-04-11,Technical,3
1513,1016,2025-09-26,2025-10-02,Feature Request,1
1514,1019,2025-06-08,2025-06-08,Billing,1
1515,1021,2024-02-04,2024-02-06,Cancellation,1
1516,1021,2025-12-29,2026-01-01,Feature Request,5
1517,1021,2024-08-23,2024-08-26,Login,3
1518,1023,2024-05-18,2024-05-18,Billing,4
1519,1023,2024-05-11,2024-05-11,Technical,4
1520,1024,2026-02-25,2026-02-25,Feature Request,1
1521,1024,2025-11-26,2025-11-27,Feature Request,1
1522,1024,2024-05-12,2024-05-16,Login,3
1523,1027,2025-05-05,2025-05-05,Feature Request,5
1524,1027,2025-11-03,2025-11-06,Feature Request,4
1525,1027,2026-02-04,2026-02-06,Feature Request,1
1526,1028,2024-02-22,2024-02-25,Login,3
1527,1028,2024-12-12,2024-12-18,Login,5
1528,1028,2025-07-07,2025-07-12,Cancellation,3
1529,1029,2025-11-12,2025-11-13,Cancellation,3
1530,1029,2024-02-29,2024-03-02,Login,5
1531,1030,2024-10-25,2024-10-31,Technical,3
1532,1030,2025-05-29,2025-06-01,Cancellation,5
1533,1030,2024-11-19,2024-11-19,Feature Request,2
1534,1031,2024-06-30,2024-07-03,Feature Request,4
1535,1031,2025-03-31,2025-04-01,Cancellation,1
1536,1032,2024-06-25,2024-06-27,Billing,3
1537,1032,2025-12-12,2025-12-15,Technical,5
1538,1033,2024-03-31,2024-03-31,Feature Request,2
1539,1035,2025-06-13,2025-06-15,Feature Request,1
1540,1035,2024-08-07,2024-08-09,Login,3
1541,1035,2025-11-22,2025-11-24,Login,4
1542,1036,2025-05-11,2025-05-11,Cancellation,1
1543,1036,2025-01-11,2025-01-16,Login,4
1544,1036,2026-02-05,2026-02-09,Feature Request,2
1545,1037,2024-11-05,2024-11-06,Technical,3
1546,1038,2025-01-03,2025-01-07,Login,2
1547,1039,2024-01-12,2024-01-12,Technical,3
1548,1039,2024-12-23,2024-12-23,Feature Request,2
1549,1039,2024-07-05,2024-07-08,Cancellation,2
1550,1040,2024-04-30,2024-05-04,Billing,2
1551,1040,2024-03-07,2024-03-12,Billing,3
1552,1040,2025-12-27,2025-12-31,Login,3
1553,1041,2024-09-21,2024-09-22,Billing,4
1554,1041,2024-12-21,2024-12-26,Feature Request,3
1555,1041,2024-04-29,2024-05-05,Billing,2
1556,1042,2024-05-08,2024-05-11,Feature Request,3
1557,1042,2025-10-07,2025-10-08,Technical,2
1558,1042,2024-02-03,2024-02-03,Billing,4
1559,1044,2025-03-21,2025-03-25,Cancellation,5
1560,1045,2025-09-20,2025-09-25,Cancellation,4
1561,1047,2026-01-05,2026-01-06,Cancellation,2
1562,1048,2024-09-02,2024-09-04,Cancellation,5
1563,1049,2025-09-03,2025-09-06,Login,2
1564,1049,2024-08-07,2024-08-12,Cancellation,5
1565,1050,2024-03-04,2024-03-07,Login,3
1566,1050,2024-03-13,2024-03-16,Login,5
1567,1050,2024-05-06,2024-05-08,Cancellation,3
1568,1051,2024-04-14,2024-04-15,Feature Request,5
1569,1051,2026-02-09,2026-02-14,Cancellation,1
1570,1051,2025-04-28,2025-05-03,Billing,3
1571,1053,2024-07-08,2024-07-10,Cancellation,2
1572,1053,2025-07-23,2025-07-25,Cancellation,4
1573,1054,2024-07-23,2024-07-24,Feature Request,3
1574,1056,2025-03-19,2025-03-23,Technical,3
1575,1056,2025-06-03,2025-06-09,Login,3
1576,1056,2025-09-22,2025-09-28,Billing,3
1577,1057,2026-01-28,2026-01-31,Technical,4
1578,1057,2025-04-25,2025-04-29,Technical,4
1579,1059,2025-05-24,2025-05-27,Cancellation,1
1580,1062,2025-01-20,2025-01-22,Login,1
1581,1062,2025-05-24,2025-05-28,Billing,5
1582,1063,2024-08-29,2024-09-01,Login,1
1583,1063,2025-06-21,2025-06-23,Cancellation,4
1584,1063,2024-06-01,2024-06-03,Technical,3
1585,1065,2024-10-26,2024-10-27,Billing,1
1586,1065,2024-04-23,2024-04-28,Billing,5
1587,1065,2025-06-21,2025-06-22,Cancellation,5
1588,1066,2025-10-07,2025-10-11,Technical,3
1589,1066,2024-03-26,2024-03-31,Technical,1
1590,1068,2025-08-13,2025-08-15,Technical,4
1591,1068,2024-07-11,2024-07-12,Billing,5
1592,1069,2025-08-05,2025-08-10,Cancellation,5
1593,1069,2024-05-31,2024-06-03,Login,4
1594,1069,2024-02-16,2024-02-16,Feature Request,4
1595,1071,2025-09-28,2025-10-03,Cancellation,1
1596,1071,2024-08-22,2024-08-23,Billing,4
1597,1071,2025-12-02,2025-12-02,Technical,5
1598,1072,2024-08-20,2024-08-24,Login,5
1599,1072,2025-12-08,2025-12-11,Billing,3
1600,1072,2024-09-22,2024-09-27,Feature Request,2
1601,1073,2025-03-16,2025-03-17,Feature Request,5
1602,1073,2025-12-31,2026-01-05,Billing,5
1603,1074,2024-11-15,2024-11-20,Technical,3
1604,1074,2024-03-17,2024-03-21,Login,1
1605,1075,2025-02-09,2025-02-12,Technical,1
1606,1076,2025-07-03,2025-07-09,Billing,3
1607,1076,2024-10-29,2024-11-04,Feature Request,4
1608,1078,2026-01-24,2026-01-24,Technical,4
1609,1079,2024-10-12,2024-10-15,Billing,1
1610,1079,2026-01-31,2026-02-03,Feature Request,5
1611,1080,2024-03-01,2024-03-06,Feature Request,4
1612,1080,2025-06-12,2025-06-14,Cancellation,4
1613,1081,2026-02-13,2026-02-17,Cancellation,2
1614,1081,2024-12-13,2024-12-17,Technical,2
1615,1082,2025-06-29,2025-07-03,Login,4
1616,1082,2024-11-22,2024-11-24,Login,4
1617,1085,2024-06-30,2024-06-30,Feature Request,5
1618,1086,2024-10-08,2024-10-11,Technical,3
1619,1086,2024-03-11,2024-03-16,Cancellation,4
1620,1086,2025-12-05,2025-12-09,Login,3
1621,1087,2024-05-16,2024-05-21,Cancellation,4
1622,1087,2024-05-10,2024-05-16,Technical,2
1623,1087,2024-11-03,2024-11-08,Technical,1
1624,1088,2024-10-21,2024-10-27,Feature Request,2
1625,1090,2025-04-17,2025-04-19,Feature Request,2
1626,1091,2025-06-08,2025-06-10,Cancellation,4
1627,1091,2024-08-21,2024-08-25,Feature Request,1
1628,1091,2025-10-20,2025-10-24,Technical,1
1629,1092,2025-01-23,2025-01-27,Technical,5
1630,1092,2024-08-28,2024-08-29,Feature Request,4
1631,1093,2024-03-31,2024-04-03,Login,2
1632,1093,2025-05-28,2025-05-30,Billing,5
1633,1093,2024-05-03,2024-05-06,Technical,2
1634,1094,2024-04-30,2024-05-01,Feature Request,3
1635,1094,2024-11-08,2024-11-12,Cancellation,1
1636,1095,2024-07-02,2024-07-04,Billing,4
1637,1096,2024-08-20,2024-08-24,Billing,5
1638,1096,2025-10-02,2025-10-06,Login,1
1639,1096,2024-12-04,2024-12-06,Technical,3
1640,1098,2024-01-03,2024-01-07,Technical,5
1641,1098,2025-09-16,2025-09-22,Billing,4
1642,1098,2024-02-26,2024-03-02,Login,4
1643,1099,2025-08-13,2025-08-19,Cancellation,2
1644,1099,2026-02-25,2026-02-25,Billing,4
1645,1100,2025-04-09,2025-04-10,Login,2
1646,1100,2024-05-17,2024-05-17,Cancellation,4
1647,1100,2024-03-15,2024-03-15,Cancellation,2
1648,1101,2024-12-13,2024-12-16,Feature Request,5
1649,1101,2025-12-24,2025-12-28,Billing,1
1650,1101,2024-09-06,2024-09-07,Technical,1
1651,1102,2024-09-22,2024-09-22,Feature Request,1
1652,1103,2025-11-26,2025-11-27,Billing,5
1653,1104,2025-09-19,2025-09-24,Cancellation,3
1654,1104,2024-08-02,2024-08-02,Cancellation,2
1655,1105,2025-05-15,2025-05-17,Billing,1
1656,1105,2025-09-24,2025-09-26,Cancellation,1
1657,1105,2024-09-06,2024-09-09,Billing,5
1658,1106,2024-03-12,2024-03-12,Cancellation,5
1659,1106,2025-06-25,2025-06-28,Feature Request,2
1660,1108,2025-12-15,2025-12-21,Cancellation,2
1661,1108,2024-02-10,2024-02-12,Technical,1
1662,1108,2024-02-07,2024-02-07,Feature Request,3
1663,1109,2024-08-26,2024-08-30,Technical,3
1664,1110,2025-04-08,2025-04-12,Login,1
1665,1111,2024-08-20,2024-08-21,Feature Request,1
1666,1112,2024-05-01,2024-05-04,Login,2
1667,1112,2025-08-16,2025-08-19,Billing,5
1668,1112,2025-11-05,2025-11-08,Cancellation,3
1669,1114,2024-10-28,2024-11-03,Technical,2
1670,1114,2024-08-12,2024-08-14,Billing,2
1671,1115,2025-02-19,2025-02-19,Technical,2
1672,1115,2025-11-18,2025-11-23,Cancellation,2
1673,1116,2024-11-09,2024-11-12,Feature Request,5
1674,1116,2025-08-04,2025-08-05,Billing,4
1675,1116,2025-07-18,2025-07-20,Billing,3
1676,1117,2025-04-23,2025-04-23,Cancellation,2
1677,1118,2025-09-05,2025-09-08,Billing,5
1678,1118,2025-07-26,2025-07-29,Cancellation,5
1679,1118,2024-04-12,2024-04-15,Feature Request,5
1680,1119,2025-09-24,2025-09-29,Login,2
1681,1119,2026-02-23,2026-02-24,Login,4
1682,1119,2024-08-13,2024-08-17,Login,3
1683,1120,2025-05-18,2025-05-19,Technical,1
1684,1120,2024-02-22,2024-02-23,Technical,3
1685,1123,2025-07-07,2025-07-07,Cancellation,1
1686,1123,2025-03-03,2025-03-07,Technical,1
1687,1124,2024-09-06,2024-09-06,Login,2
1688,1125,2024-07-22,2024-07-27,Login,3
1689,1125,2024-05-18,2024-05-19,Technical,3
1690,1125,2026-02-01,2026-02-03,Technical,5
1691,1126,2026-02-04,2026-02-10,Billing,1
1692,1126,2024-10-12,2024-10-12,Feature Request,4
1693,1126,2024-07-09,2024-07-15,Cancellation,5
1694,1129,2025-10-27,2025-10-27,Feature Request,1
1695,1130,2024-02-12,2024-02-17,Billing,3
1696,1130,2024-08-21,2024-08-25,Feature Request,4
1697,1131,2024-04-28,2024-04-28,Login,5
1698,1133,2025-09-19,2025-09-19,Technical,3
1699,1133,2025-05-30,2025-06-03,Billing,1
1700,1133,2024-11-07,2024-11-12,Technical,5
1701,1136,2024-01-01,2024-01-04,Cancellation,2
1702,1137,2024-03-06,2024-03-10,Billing,3
1703,1137,2024-03-11,2024-03-16,Feature Request,4
1704,1138,2025-11-16,2025-11-16,Billing,3
1705,1138,2025-09-11,2025-09-15,Feature Request,3
1706,1139,2025-01-30,2025-02-03,Billing,1
1707,1139,2025-10-24,2025-10-25,Technical,3
1708,1141,2024-08-16,2024-08-22,Login,2
1709,1141,2024-08-15,2024-08-21,Cancellation,1
1710,1142,2025-09-11,2025-09-12,Technical,5
1711,1143,2024-07-31,2024-08-02,Feature Request,5
1712,1144,2024-10-10,2024-10-15,Technical,4
1713,1145,2024-06-19,2024-06-24,Feature Request,3
1714,1145,2024-04-16,2024-04-20,Login,2
1715,1145,2024-04-06,2024-04-09,Technical,3
1716,1146,2025-11-21,2025-11-24,Billing,2
1717,1146,2025-07-11,2025-07-14,Cancellation,2
1718,1146,2024-01-11,2024-01-12,Cancellation,4
1719,1149,2025-11-11,2025-11-13,Billing,3
1720,1150,2025-12-27,2025-12-29,Feature Request,4
1721,1150,2025-03-08,2025-03-10,Feature Request,1
1722,1150,2024-05-29,2024-06-01,Cancellation,4
1723,1151,2024-06-09,2024-06-13,Technical,1
1724,1152,2025-10-13,2025-10-16,Cancellation,3
1725,1153,2024-10-26,2024-10-28,Cancellation,1
1726,1153,2025-08-23,2025-08-24,Billing,1
1727,1153,2024-03-15,2024-03-20,Login,3
1728,1155,2025-07-27,2025-07-28,Billing,3
1729,1156,2024-02-18,2024-02-22,Technical,2
1730,1157,2026-03-11,2026-03-13,Feature Request,2
1731,1158,2024-11-03,2024-11-05,Feature Request,4
1732,1158,2024-07-24,2024-07-24,Billing,5
1733,1159,2025-03-12,2025-03-16,Login,3
1734,1159,2024-02-24,2024-02-29,Login,3
1735,1159,2024-10-04,2024-10-04,Feature Request,4
1736,1160,2024-11-14,2024-11-17,Billing,3
1737,1160,2024-12-05,2024-12-08,Feature Request,1
1738,1161,2025-12-12,2025-12-13,Billing,1
1739,1162,2025-06-22,2025-06-26,Cancellation,2
1740,1163,2025-07-03,2025-07-05,Cancellation,3
1741,1164,2026-02-12,2026-02-12,Cancellation,4
1742,1164,2025-10-22,2025-10-28,Login,2
1743,1165,2025-07-11,2025-07-11,Feature Request,2
1744,1166,2024-10-01,2024-10-01,Billing,1
1745,1166,2024-03-07,2024-03-07,Feature Request,3
1746,1167,2025-04-30,2025-05-04,Technical,1
1747,1167,2026-01-10,2026-01-13,Login,3
1748,1167,2025-01-20,2025-01-22,Technical,3
1749,1168,2024-04-27,2024-05-03,Login,4
1750,1169,2025-11-30,2025-12-04,Technical,5
1751,1169,2025-12-12,2025-12-16,Login,4
1752,1169,2025-05-13,2025-05-17,Login,4
1753,1170,2024-10-27,2024-10-31,Login,3
1754,1171,2024-07-11,2024-07-17,Feature Request,3
1755,1171,2024-05-08,2024-05-09,Billing,2
1756,1171,2024-11-19,2024-11-20,Billing,4
1757,1172,2025-12-05,2025-12-08,Cancellation,5
1758,1172,2025-07-14,2025-07-14,Feature Request,3
1759,1173,2025-06-26,2025-06-26,Billing,1
1760,1173,2024-03-20,2024-03-25,Cancellation,3
1761,1174,2025-04-15,2025-04-17,Technical,1
1762,1174,2024-09-24,2024-09-26,Technical,4
1763,1175,2025-11-25,2025-11-29,Cancellation,5
1764,1175,2025-06-07,2025-06-13,Billing,1
1765,1175,2024-05-30,2024-06-05,Technical,1
1766,1176,2025-06-14,2025-06-17,Feature Request,1
1767,1177,2026-01-01,2026-01-01,Login,4
1768,1177,2026-01-11,2026-01-17,Technical,2
1769,1177,2025-11-09,2025-11-15,Cancellation,2
1770,1180,2026-01-07,2026-01-13,Feature Request,3
1771,1180,2024-08-22,2024-08-23,Technical,2
1772,1181,2024-09-05,2024-09-10,Feature Request,2
1773,1184,2025-01-02,2025-01-04,Feature Request,2
1774,1184,2025-09-30,2025-10-05,Login,5
1775,1184,2026-03-09,2026-03-10,Billing,2
1776,1186,2024-10-06,2024-10-07,Cancellation,2
1777,1187,2025-10-31,2025-11-04,Feature Request,1
1778,1189,2026-02-27,2026-03-01,Feature Request,4
1779,1189,2024-05-27,2024-05-30,Cancellation,5
1780,1190,2024-07-20,2024-07-20,Technical,2
1781,1190,2025-11-08,2025-11-13,Cancellation,5
1782,1190,2025-07-24,2025-07-26,Feature Request,4
1783,1192,2025-02-07,2025-02-10,Technical,2
1784,1192,2025-10-22,2025-10-26,Login,1
1785,1193,2024-05-05,2024-05-06,Billing,4
1786,1195,2024-06-09,2024-06-12,Billing,3
1787,1196,2024-04-29,2024-05-02,Cancellation,5
1788,1197,2024-10-01,2024-10-02,Billing,3
1789,1197,2025-07-05,2025-07-09,Cancellation,1
1790,1197,2025-10-09,2025-10-12,Cancellation,4
1791,1199,2024-03-03,2024-03-04,Login,1
1792,1199,2025-02-14,2025-02-16,Login,3
1793,1200,2024-03-29,2024-04-02,Billing,3
